day,day_of_week,weekend,half_month,holiday,hour,负荷
1,1,False,1,1,0,1488.9731339999798
1,1,False,1,1,1,66.89428799999996
1,1,False,1,1,2,51.47547600000001
1,1,False,1,1,3,52.37688800000003
1,1,False,1,1,4,48.082656
1,1,False,1,1,5,48.09740700000002
1,1,False,1,1,6,59.204098
1,1,False,1,1,7,55.08595399999998
1,1,False,1,1,8,52.331113000000045
1,1,False,1,1,9,54.337870000000024
1,1,False,1,1,10,56.05048000000002
1,1,False,1,1,11,54.074664000000006
1,1,False,1,1,12,56.19669700000005
1,1,False,1,1,13,57.80650100000005
1,1,False,1,1,14,58.47885600000002
1,1,False,1,1,15,56.655100000000076
1,1,False,1,1,16,56.945912000000064
1,1,False,1,1,17,58.337215000000036
1,1,False,1,1,18,60.004891
1,1,False,1,1,19,57.74263199999999
1,1,False,1,1,20,58.19542200000001
1,1,False,1,1,21,57.68893099999999
1,1,False,1,1,22,55.90960499999999
1,1,False,1,1,23,84.02833400000002
1,3,False,1,2,0,2206.673105000002
1,3,False,1,2,1,79.44818100000005
1,3,False,1,2,2,82.83567100000003
1,3,False,1,2,3,72.06874300000005
1,3,False,1,2,4,85.04074499999999
1,3,False,1,2,5,77.52300500000001
1,3,False,1,2,6,96.36065500000001
1,3,False,1,2,7,86.24172600000001
1,3,False,1,2,8,101.732957
1,3,False,1,2,9,96.00473700000003
1,3,False,1,2,10,102.31537900000012
1,3,False,1,2,11,84.61576900000004
1,3,False,1,2,12,99.18953400000005
1,3,False,1,2,13,93.71747800000011
1,3,False,1,2,14,104.33681000000018
1,3,False,1,2,15,90.63146699999999
1,3,False,1,2,16,101.71908200000009
1,3,False,1,2,17,98.48214700000004
1,3,False,1,2,18,103.97711200000008
1,3,False,1,2,19,77.63999300000005
1,3,False,1,2,20,74.4173120000001
1,3,False,1,2,21,69.40658699999999
1,3,False,1,2,22,72.42543300000001
1,3,False,1,2,23,84.67073800000004
1,6,True,1,2,0,2322.0224429999876
1,6,True,1,2,1,87.36685199999998
1,6,True,1,2,2,80.43385600000005
1,6,True,1,2,3,88.33323899999998
1,6,True,1,2,4,72.47386500000005
1,6,True,1,2,5,88.47053799999998
1,6,True,1,2,6,89.32722199999998
1,6,True,1,2,7,98.82173800000001
1,6,True,1,2,8,87.93797499999998
1,6,True,1,2,9,99.96044500000012
1,6,True,1,2,10,96.21006400000013
1,6,True,1,2,11,87.51113700000006
1,6,True,1,2,12,101.08931000000013
1,6,True,1,2,13,97.42914300000008
1,6,True,1,2,14,107.06889800000015
1,6,True,1,2,15,95.15500900000005
1,6,True,1,2,16,104.17402800000015
1,6,True,1,2,17,99.38850600000002
1,6,True,1,2,18,103.89822100000004
1,6,True,1,2,19,95.90774800000003
1,6,True,1,2,20,97.56613300000004
1,6,True,1,2,21,94.27693300000014
1,6,True,1,2,22,104.42902300000014
1,6,True,1,2,23,93.662232
2,0,False,1,2,0,2501.5612269999847
2,0,False,1,2,1,82.81707099999998
2,0,False,1,2,2,83.06948600000007
2,0,False,1,2,3,84.42360400000003
2,0,False,1,2,4,80.15811099999999
2,0,False,1,2,5,89.850177
2,0,False,1,2,6,87.0420650000001
2,0,False,1,2,7,109.48789700000003
2,0,False,1,2,8,109.69265500000012
2,0,False,1,2,9,115.71296800000009
2,0,False,1,2,10,103.98670900000003
2,0,False,1,2,11,111.07038400000012
2,0,False,1,2,12,104.66578100000012
2,0,False,1,2,13,105.2845750000001
2,0,False,1,2,14,107.92422300000004
2,0,False,1,2,15,107.49110000000002
2,0,False,1,2,16,119.97952200000006
2,0,False,1,2,17,109.13828800000009
2,0,False,1,2,18,115.62528300000007
2,0,False,1,2,19,99.4875540000001
2,0,False,1,2,20,102.40731300000013
2,0,False,1,2,21,107.31985900000006
2,0,False,1,2,22,101.58794400000008
2,0,False,1,2,23,103.49894800000007
2,2,False,1,1,0,1909.5034949999706
2,2,False,1,1,1,69.75914400000002
2,2,False,1,1,2,64.75895200000005
2,2,False,1,1,3,56.144142999999985
2,2,False,1,1,4,69.91460300000003
2,2,False,1,1,5,62.765004000000026
2,2,False,1,1,6,81.55022199999999
2,2,False,1,1,7,70.96296300000003
2,2,False,1,1,8,81.89692100000005
2,2,False,1,1,9,80.84879300000001
2,2,False,1,1,10,88.73640900000008
2,2,False,1,1,11,75.261404
2,2,False,1,1,12,77.90528500000002
2,2,False,1,1,13,82.35016700000006
2,2,False,1,1,14,79.29944200000007
2,2,False,1,1,15,87.21125799999997
2,2,False,1,1,16,84.94371900000007
2,2,False,1,1,17,74.56010900000004
2,2,False,1,1,18,90.336836
2,2,False,1,1,19,77.00776599999999
2,2,False,1,1,20,85.55884699999996
2,2,False,1,1,21,79.99050299999999
2,2,False,1,1,22,78.78350499999998
2,2,False,1,1,23,70.00135400000002
2,4,False,1,2,0,2306.7210999999884
2,4,False,1,2,1,80.52687800000004
2,4,False,1,2,2,83.82173000000006
2,4,False,1,2,3,78.40081200000007
2,4,False,1,2,4,85.92891900000005
2,4,False,1,2,5,72.50103900000005
2,4,False,1,2,6,95.70991000000002
2,4,False,1,2,7,94.32626000000006
2,4,False,1,2,8,103.69910700000001
2,4,False,1,2,9,93.18077600000005
2,4,False,1,2,10,101.18101300000009
2,4,False,1,2,11,96.74090800000003
2,4,False,1,2,12,92.92438900000013
2,4,False,1,2,13,95.54528700000007
2,4,False,1,2,14,104.45993500000007
2,4,False,1,2,15,93.51502000000002
2,4,False,1,2,16,106.40985500000015
2,4,False,1,2,17,99.10300700000002
2,4,False,1,2,18,100.34172800000009
2,4,False,1,2,19,100.63955200000005
2,4,False,1,2,20,84.0124130000001
2,4,False,1,2,21,99.14306300000004
2,4,False,1,2,22,90.21355200000005
2,4,False,1,2,23,93.55390900000008
3,1,False,1,2,0,2525.6000169999975
3,1,False,1,2,1,93.87657299999998
3,1,False,1,2,2,81.823514
3,1,False,1,2,3,88.43168600000003
3,1,False,1,2,4,90.55042000000002
3,1,False,1,2,5,88.051849
3,1,False,1,2,6,105.98298100000011
3,1,False,1,2,7,97.81566000000004
3,1,False,1,2,8,102.33104300000008
3,1,False,1,2,9,112.30901600000009
3,1,False,1,2,10,104.76413900000011
3,1,False,1,2,11,94.81870900000008
3,1,False,1,2,12,111.80685200000009
3,1,False,1,2,13,105.98063700000009
3,1,False,1,2,14,109.81382900000015
3,1,False,1,2,15,107.5597690000001
3,1,False,1,2,16,110.61390400000006
3,1,False,1,2,17,109.53055200000013
3,1,False,1,2,18,117.90687900000009
3,1,False,1,2,19,106.53511200000008
3,1,False,1,2,20,100.98570799999999
3,1,False,1,2,21,111.7926780000001
3,1,False,1,2,22,100.3650980000001
3,1,False,1,2,23,95.82767500000006
3,3,False,1,1,0,2015.4386489999713
3,3,False,1,1,1,69.573348
3,3,False,1,1,2,62.20456400000004
3,3,False,1,1,3,67.90548600000004
3,3,False,1,1,4,66.31217900000004
3,3,False,1,1,5,75.38227000000006
3,3,False,1,1,6,77.18446300000001
3,3,False,1,1,7,86.52581300000003
3,3,False,1,1,8,75.814199
3,3,False,1,1,9,83.33260299999999
3,3,False,1,1,10,92.55771399999998
3,3,False,1,1,11,76.51005199999992
3,3,False,1,1,12,92.10240800000011
3,3,False,1,1,13,87.18802399999996
3,3,False,1,1,14,82.075575
3,3,False,1,1,15,93.63273599999998
3,3,False,1,1,16,90.19041800000007
3,3,False,1,1,17,96.88090699999995
3,3,False,1,1,18,81.58439699999997
3,3,False,1,1,19,86.78496900000009
3,3,False,1,1,20,93.34653200000001
3,3,False,1,1,21,86.408653
3,3,False,1,1,22,92.22778300000006
3,3,False,1,1,23,70.72344800000008
3,5,True,1,2,0,2329.934584
3,5,True,1,2,1,85.36928000000005
3,5,True,1,2,2,73.36716700000008
3,5,True,1,2,3,82.84100900000001
3,5,True,1,2,4,77.60498700000005
3,5,True,1,2,5,85.54156000000005
3,5,True,1,2,6,86.27639600000002
3,5,True,1,2,7,91.37338900000009
3,5,True,1,2,8,95.72342900000001
3,5,True,1,2,9,98.31400400000007
3,5,True,1,2,10,105.60658700000003
3,5,True,1,2,11,97.39973500000008
3,5,True,1,2,12,97.27657400000007
3,5,True,1,2,13,102.22502000000006
3,5,True,1,2,14,106.44419400000008
3,5,True,1,2,15,104.62129900000006
3,5,True,1,2,16,109.02332700000014
3,5,True,1,2,17,93.28663800000005
3,5,True,1,2,18,105.74638100000013
3,5,True,1,2,19,95.38624300000005
3,5,True,1,2,20,92.29623400000017
3,5,True,1,2,21,102.43377200000009
3,5,True,1,2,22,92.41575300000005
3,5,True,1,2,23,94.94125800000003
4,2,False,1,2,0,2587.316632999991
4,2,False,1,2,1,91.68370000000003
4,2,False,1,2,2,89.77133799999997
4,2,False,1,2,3,90.09236600000008
4,2,False,1,2,4,93.73275700000003
4,2,False,1,2,5,90.539709
4,2,False,1,2,6,99.82718600000005
4,2,False,1,2,7,113.47191300000009
4,2,False,1,2,8,107.17705900000009
4,2,False,1,2,9,112.45597800000002
4,2,False,1,2,10,116.82718400000005
4,2,False,1,2,11,97.85137200000008
4,2,False,1,2,12,105.78570100000007
4,2,False,1,2,13,108.42064900000011
4,2,False,1,2,14,116.52711200000009
4,2,False,1,2,15,109.78289300000012
4,2,False,1,2,16,112.48107600000003
4,2,False,1,2,17,114.50602800000013
4,2,False,1,2,18,112.78830200000012
4,2,False,1,2,19,108.93220500000014
4,2,False,1,2,20,111.63188900000006
4,2,False,1,2,21,101.50246000000008
4,2,False,1,2,22,103.37782200000012
4,2,False,1,2,23,102.68224000000009
4,4,False,1,1,0,2161.5429409999897
4,4,False,1,1,1,70.98797300000007
4,4,False,1,1,2,70.50641800000005
4,4,False,1,1,3,71.26781100000001
4,4,False,1,1,4,68.09885300000006
4,4,False,1,1,5,82.02082700000005
4,4,False,1,1,6,78.66845400000001
4,4,False,1,1,7,89.287195
4,4,False,1,1,8,80.6036010000001
4,4,False,1,1,9,89.5660820000001
4,4,False,1,1,10,100.16736800000004
4,4,False,1,1,11,83.49720900000004
4,4,False,1,1,12,97.7865610000001
4,4,False,1,1,13,91.43030000000005
4,4,False,1,1,14,87.05960600000007
4,4,False,1,1,15,101.57066100000007
4,4,False,1,1,16,95.45548400000006
4,4,False,1,1,17,89.03336900000005
4,4,False,1,1,18,102.00689000000007
4,4,False,1,1,19,90.72498400000006
4,4,False,1,1,20,98.58826000000006
4,4,False,1,1,21,89.95949800000001
4,4,False,1,1,22,91.71985700000005
4,4,False,1,1,23,83.27296400000004
4,6,True,1,2,0,2315.5119759999943
4,6,True,1,2,1,86.10980600000005
4,6,True,1,2,2,78.78543800000008
4,6,True,1,2,3,86.00796500000007
4,6,True,1,2,4,78.64508400000004
4,6,True,1,2,5,79.57065100000004
4,6,True,1,2,6,89.59627000000003
4,6,True,1,2,7,90.27743700000003
4,6,True,1,2,8,98.82398200000007
4,6,True,1,2,9,94.83445200000008
4,6,True,1,2,10,102.73294000000006
4,6,True,1,2,11,88.57689900000007
4,6,True,1,2,12,96.12549599999997
4,6,True,1,2,13,104.29594900000008
4,6,True,1,2,14,101.73750800000008
4,6,True,1,2,15,98.0984400000001
4,6,True,1,2,16,102.45400200000007
4,6,True,1,2,17,105.49382000000007
4,6,True,1,2,18,99.86629500000011
4,6,True,1,2,19,95.8718770000001
4,6,True,1,2,20,94.38234000000007
4,6,True,1,2,21,102.10703800000002
4,6,True,1,2,22,95.34397400000006
4,6,True,1,2,23,96.230001
5,0,False,1,2,0,2507.5512979999835
5,0,False,1,2,1,83.48710600000004
5,0,False,1,2,2,82.97384100000004
5,0,False,1,2,3,88.68151599999999
5,0,False,1,2,4,78.63043400000006
5,0,False,1,2,5,91.81084000000008
5,0,False,1,2,6,87.18062900000007
5,0,False,1,2,7,110.02882200000006
5,0,False,1,2,8,109.44529600000006
5,0,False,1,2,9,110.84981300000004
5,0,False,1,2,10,109.07721700000015
5,0,False,1,2,11,112.42074100000004
5,0,False,1,2,12,97.82204500000005
5,0,False,1,2,13,109.68846100000005
5,0,False,1,2,14,110.56268500000009
5,0,False,1,2,15,101.16447500000014
5,0,False,1,2,16,116.19134800000003
5,0,False,1,2,17,107.43287500000005
5,0,False,1,2,18,118.74526100000004
5,0,False,1,2,19,107.24890700000012
5,0,False,1,2,20,102.7323220000001
5,0,False,1,2,21,103.58054900000015
5,0,False,1,2,22,105.84661500000013
5,0,False,1,2,23,95.46547000000005
5,3,False,1,2,0,2618.8999539999913
5,3,False,1,2,1,89.59618299999997
5,3,False,1,2,2,96.48344400000006
5,3,False,1,2,3,88.74616499999999
5,3,False,1,2,4,87.20327100000003
5,3,False,1,2,5,100.17885
5,3,False,1,2,6,92.71417400000004
5,3,False,1,2,7,108.52560300000005
5,3,False,1,2,8,118.80579700000007
5,3,False,1,2,9,114.46033599999994
5,3,False,1,2,10,111.75470900000008
5,3,False,1,2,11,114.75365600000015
5,3,False,1,2,12,100.99012400000018
5,3,False,1,2,13,108.59774900000006
5,3,False,1,2,14,117.88602800000011
5,3,False,1,2,15,112.29290800000007
5,3,False,1,2,16,113.77397800000011
5,3,False,1,2,17,121.28481900000008
5,3,False,1,2,18,105.55300400000012
5,3,False,1,2,19,112.77707300000014
5,3,False,1,2,20,113.4186910000001
5,3,False,1,2,21,104.41611200000008
5,3,False,1,2,22,110.6043310000001
5,3,False,1,2,23,97.26699500000004
5,5,True,1,1,0,2226.1959850000007
5,5,True,1,1,1,82.46863300000003
5,5,True,1,1,2,69.70463700000003
5,5,True,1,1,3,83.169502
5,5,True,1,1,4,75.64752900000005
5,5,True,1,1,5,76.92111500000006
5,5,True,1,1,6,84.30163300000004
5,5,True,1,1,7,89.75585900000006
5,5,True,1,1,8,93.89857600000013
5,5,True,1,1,9,85.76454300000005
5,5,True,1,1,10,100.63707400000018
5,5,True,1,1,11,92.25391700000006
5,5,True,1,1,12,88.501564
5,5,True,1,1,13,102.39314200000005
5,5,True,1,1,14,88.65914400000001
5,5,True,1,1,15,98.56698899999998
5,5,True,1,1,16,96.31305000000013
5,5,True,1,1,17,93.95064100000005
5,5,True,1,1,18,94.40315500000008
5,5,True,1,1,19,93.20407900000012
5,5,True,1,1,20,100.1513980000001
5,5,True,1,1,21,95.05675300000016
5,5,True,1,1,22,92.97126600000003
5,5,True,1,1,23,91.15549000000007
6,1,False,1,2,0,2530.861766999988
6,1,False,1,2,1,88.73398100000009
6,1,False,1,2,2,95.20932000000008
6,1,False,1,2,3,87.83043300000003
6,1,False,1,2,4,89.82091700000002
6,1,False,1,2,5,88.61341500000002
6,1,False,1,2,6,94.6528220000001
6,1,False,1,2,7,105.2487580000001
6,1,False,1,2,8,115.58284200000007
6,1,False,1,2,9,109.99788600000011
6,1,False,1,2,10,108.04602200000012
6,1,False,1,2,11,104.2323780000001
6,1,False,1,2,12,109.0158750000001
6,1,False,1,2,13,99.52462400000014
6,1,False,1,2,14,106.16946700000013
6,1,False,1,2,15,102.4111230000001
6,1,False,1,2,16,115.20366300000009
6,1,False,1,2,17,109.77478800000007
6,1,False,1,2,18,111.07763200000015
6,1,False,1,2,19,105.10857500000009
6,1,False,1,2,20,110.0939640000001
6,1,False,1,2,21,101.3969880000001
6,1,False,1,2,22,97.67868100000014
6,1,False,1,2,23,100.16333100000013
6,4,False,1,2,0,2571.7710559999828
6,4,False,1,2,1,97.38612099999999
6,4,False,1,2,2,91.33553100000005
6,4,False,1,2,3,89.88536300000003
6,4,False,1,2,4,95.691277
6,4,False,1,2,5,91.08861400000005
6,4,False,1,2,6,106.20123100000004
6,4,False,1,2,7,102.39566100000013
6,4,False,1,2,8,111.22384500000005
6,4,False,1,2,9,117.85963600000004
6,4,False,1,2,10,110.67366900000002
6,4,False,1,2,11,98.92390600000006
6,4,False,1,2,12,113.5134800000001
6,4,False,1,2,13,105.77313800000015
6,4,False,1,2,14,102.996283
6,4,False,1,2,15,114.16553699999999
6,4,False,1,2,16,108.85985000000011
6,4,False,1,2,17,110.00644600000014
6,4,False,1,2,18,118.45952499999999
6,4,False,1,2,19,105.61336600000006
6,4,False,1,2,20,104.45374500000005
6,4,False,1,2,21,102.02166900000006
6,4,False,1,2,22,104.66471000000008
6,4,False,1,2,23,100.41629900000014
6,6,True,1,1,0,2380.5462769999967
6,6,True,1,1,1,86.816727
6,6,True,1,1,2,71.69069300000001
6,6,True,1,1,3,86.87678100000011
6,6,True,1,1,4,76.99475700000004
6,6,True,1,1,5,87.94477900000005
6,6,True,1,1,6,80.84057600000004
6,6,True,1,1,7,95.30585600000005
6,6,True,1,1,8,98.97818000000014
6,6,True,1,1,9,91.66451200000006
6,6,True,1,1,10,108.63012300000011
6,6,True,1,1,11,97.70138000000006
6,6,True,1,1,12,99.37885300000006
6,6,True,1,1,13,105.82501800000004
6,6,True,1,1,14,104.36355800000013
6,6,True,1,1,15,105.95247200000011
6,6,True,1,1,16,105.22761100000008
6,6,True,1,1,17,111.1293120000002
6,6,True,1,1,18,103.31886800000008
6,6,True,1,1,19,99.17835600000012
6,6,True,1,1,20,100.2965790000002
6,6,True,1,1,21,96.712563
6,6,True,1,1,22,105.61767100000003
6,6,True,1,1,23,85.35239800000004
7,0,False,1,1,0,2535.920372999987
7,0,False,1,1,1,86.88543900000002
7,0,False,1,1,2,89.33467100000003
7,0,False,1,1,3,77.10887400000003
7,0,False,1,1,4,88.510735
7,0,False,1,1,5,84.58537999999997
7,0,False,1,1,6,91.90964000000001
7,0,False,1,1,7,102.47531300000006
7,0,False,1,1,8,98.48827600000008
7,0,False,1,1,9,110.71356400000012
7,0,False,1,1,10,107.04168900000012
7,0,False,1,1,11,98.47522900000008
7,0,False,1,1,12,109.58973900000008
7,0,False,1,1,13,109.2208890000001
7,0,False,1,1,14,111.25314800000004
7,0,False,1,1,15,112.59487400000008
7,0,False,1,1,16,119.37937900000018
7,0,False,1,1,17,110.69469300000006
7,0,False,1,1,18,105.24927100000012
7,0,False,1,1,19,109.83044900000007
7,0,False,1,1,20,104.7327840000001
7,0,False,1,1,21,110.73554200000011
7,0,False,1,1,22,96.59568700000004
7,0,False,1,1,23,106.12549400000013
7,2,False,1,2,0,2544.3458210000013
7,2,False,1,2,1,86.11926400000003
7,2,False,1,2,2,89.35429800000006
7,2,False,1,2,3,93.09669700000003
7,2,False,1,2,4,92.56979600000003
7,2,False,1,2,5,79.54386100000009
7,2,False,1,2,6,103.57216000000003
7,2,False,1,2,7,104.40164400000012
7,2,False,1,2,8,109.28589600000011
7,2,False,1,2,9,112.28103800000008
7,2,False,1,2,10,113.50236400000014
7,2,False,1,2,11,100.45599600000011
7,2,False,1,2,12,108.80396600000012
7,2,False,1,2,13,107.04710400000008
7,2,False,1,2,14,108.06733700000008
7,2,False,1,2,15,117.24128600000016
7,2,False,1,2,16,104.01537200000018
7,2,False,1,2,17,111.81167700000009
7,2,False,1,2,18,112.74095300000013
7,2,False,1,2,19,106.56480700000009
7,2,False,1,2,20,103.58632500000012
7,2,False,1,2,21,105.99949300000004
7,2,False,1,2,22,102.57692300000006
7,2,False,1,2,23,93.86426600000011
7,5,True,1,2,0,2613.6960569999933
7,5,True,1,2,1,98.87866100000002
7,5,True,1,2,2,90.65621400000003
7,5,True,1,2,3,88.17290999999996
7,5,True,1,2,4,95.90039300000005
7,5,True,1,2,5,84.44291800000002
7,5,True,1,2,6,100.077763
7,5,True,1,2,7,109.56177400000006
7,5,True,1,2,8,108.07624400000007
7,5,True,1,2,9,105.51210500000008
7,5,True,1,2,10,110.83794900000002
7,5,True,1,2,11,108.65666900000002
7,5,True,1,2,12,113.72180800000001
7,5,True,1,2,13,112.23408500000004
7,5,True,1,2,14,105.56440800000009
7,5,True,1,2,15,119.7108590000001
7,5,True,1,2,16,113.92739500000017
7,5,True,1,2,17,112.24194300000016
7,5,True,1,2,18,118.07227300000014
7,5,True,1,2,19,109.83354300000008
7,5,True,1,2,20,111.97412600000013
7,5,True,1,2,21,101.15677300000003
7,5,True,1,2,22,109.76632100000002
7,5,True,1,2,23,98.19706500000007
8,1,False,1,2,0,2562.809667999981
8,1,False,1,2,1,88.57703800000004
8,1,False,1,2,2,97.55313800000008
8,1,False,1,2,3,80.60843000000004
8,1,False,1,2,4,95.48768900000003
8,1,False,1,2,5,89.88886700000002
8,1,False,1,2,6,106.23755000000003
8,1,False,1,2,7,95.02158
8,1,False,1,2,8,116.97833100000005
8,1,False,1,2,9,107.65206200000011
8,1,False,1,2,10,109.2443460000001
8,1,False,1,2,11,104.45260100000009
8,1,False,1,2,12,102.56951200000013
8,1,False,1,2,13,105.88613400000014
8,1,False,1,2,14,107.34219200000014
8,1,False,1,2,15,117.11452400000009
8,1,False,1,2,16,108.09079000000014
8,1,False,1,2,17,105.70922000000013
8,1,False,1,2,18,115.60908500000008
8,1,False,1,2,19,108.46011400000008
8,1,False,1,2,20,107.6774910000001
8,1,False,1,2,21,94.61082500000009
8,1,False,1,2,22,108.87015000000002
8,1,False,1,2,23,94.74450699999994
8,3,False,1,2,0,2550.9280100000065
8,3,False,1,2,1,87.19850400000004
8,3,False,1,2,2,88.52512000000004
8,3,False,1,2,3,92.41027400000009
8,3,False,1,2,4,86.268391
8,3,False,1,2,5,93.20351800000012
8,3,False,1,2,6,85.11015300000005
8,3,False,1,2,7,108.54952200000005
8,3,False,1,2,8,109.6811550000001
8,3,False,1,2,9,108.97945900000008
8,3,False,1,2,10,108.96288900000009
8,3,False,1,2,11,103.75229700000014
8,3,False,1,2,12,110.9128860000001
8,3,False,1,2,13,99.47447600000012
8,3,False,1,2,14,117.867961
8,3,False,1,2,15,106.98501400000018
8,3,False,1,2,16,113.8988210000001
8,3,False,1,2,17,109.90397500000009
8,3,False,1,2,18,117.98379300000015
8,3,False,1,2,19,99.16307200000014
8,3,False,1,2,20,110.8212270000001
8,3,False,1,2,21,107.69924600000006
8,3,False,1,2,22,96.75097800000003
8,3,False,1,2,23,99.07931700000006
8,6,True,1,2,0,2501.9136869999957
8,6,True,1,2,1,98.03282200000007
8,6,True,1,2,2,91.60534400000003
8,6,True,1,2,3,95.79015799999998
8,6,True,1,2,4,88.57002900000002
8,6,True,1,2,5,91.66407199999995
8,6,True,1,2,6,103.87812600000008
8,6,True,1,2,7,97.78755600000004
8,6,True,1,2,8,101.63627300000002
8,6,True,1,2,9,98.77458900000003
8,6,True,1,2,10,104.21923700000005
8,6,True,1,2,11,108.71265500000005
8,6,True,1,2,12,99.41701700000002
8,6,True,1,2,13,109.39238500000012
8,6,True,1,2,14,102.89472100000012
8,6,True,1,2,15,100.70154600000019
8,6,True,1,2,16,112.4708330000002
8,6,True,1,2,17,103.67111000000008
8,6,True,1,2,18,108.63617600000008
8,6,True,1,2,19,98.66799100000006
8,6,True,1,2,20,100.26194000000008
8,6,True,1,2,21,105.40164700000004
8,6,True,1,2,22,98.980079
8,6,True,1,2,23,98.08126900000009
9,0,False,1,2,0,2601.753005000003
9,0,False,1,2,1,79.59737500000004
9,0,False,1,2,2,91.25338800000013
9,0,False,1,2,3,82.26536300000002
9,0,False,1,2,4,90.94572000000008
9,0,False,1,2,5,84.13087900000004
9,0,False,1,2,6,99.22704200000017
9,0,False,1,2,7,112.23463800000003
9,0,False,1,2,8,113.09909600000015
9,0,False,1,2,9,116.76708800000007
9,0,False,1,2,10,103.63363400000004
9,0,False,1,2,11,109.22127500000005
9,0,False,1,2,12,115.64704800000015
9,0,False,1,2,13,114.25973400000007
9,0,False,1,2,14,119.64602300000013
9,0,False,1,2,15,110.05538300000002
9,0,False,1,2,16,114.07190600000008
9,0,False,1,2,17,122.95841100000011
9,0,False,1,2,18,117.6297770000001
9,0,False,1,2,19,110.7563880000001
9,0,False,1,2,20,113.3244770000001
9,0,False,1,2,21,107.97651200000011
9,0,False,1,2,22,112.0137350000001
9,0,False,1,2,23,96.35419700000003
9,2,False,1,2,0,2577.662461999999
9,2,False,1,2,1,84.25882600000003
9,2,False,1,2,2,96.02593200000004
9,2,False,1,2,3,89.05689100000009
9,2,False,1,2,4,89.812484
9,2,False,1,2,5,91.41066699999999
9,2,False,1,2,6,105.13363300000002
9,2,False,1,2,7,107.21181500000012
9,2,False,1,2,8,107.30501800000008
9,2,False,1,2,9,112.93539000000013
9,2,False,1,2,10,108.99912700000013
9,2,False,1,2,11,105.18360500000004
9,2,False,1,2,12,112.35780400000013
9,2,False,1,2,13,100.12265100000003
9,2,False,1,2,14,108.52600200000006
9,2,False,1,2,15,114.60322000000006
9,2,False,1,2,16,104.84991000000011
9,2,False,1,2,17,116.27663900000007
9,2,False,1,2,18,111.96627800000016
9,2,False,1,2,19,108.01442700000001
9,2,False,1,2,20,105.36791000000008
9,2,False,1,2,21,111.13717300000005
9,2,False,1,2,22,102.22506300000009
9,2,False,1,2,23,95.57832700000004
9,4,False,1,2,0,2556.8670020000077
9,4,False,1,2,1,88.52641000000006
9,4,False,1,2,2,89.88983300000001
9,4,False,1,2,3,86.21517999999993
9,4,False,1,2,4,94.52311399999998
9,4,False,1,2,5,86.25479200000002
9,4,False,1,2,6,95.400453
9,4,False,1,2,7,114.14784200000007
9,4,False,1,2,8,110.27210600000012
9,4,False,1,2,9,112.05485600000004
9,4,False,1,2,10,116.82360400000012
9,4,False,1,2,11,98.87305800000014
9,4,False,1,2,12,111.90258200000004
9,4,False,1,2,13,109.02407800000012
9,4,False,1,2,14,111.09139000000003
9,4,False,1,2,15,111.52269600000014
9,4,False,1,2,16,110.11000000000008
9,4,False,1,2,17,121.8231030000002
9,4,False,1,2,18,111.36734500000014
9,4,False,1,2,19,116.91482800000006
9,4,False,1,2,20,86.04731000000007
9,4,False,1,2,21,87.9181300000001
9,4,False,1,2,22,85.02803700000008
9,4,False,1,2,23,103.78369700000007
10,1,False,1,2,0,2625.1948250000114
10,1,False,1,2,1,83.247743
10,1,False,1,2,2,91.452466
10,1,False,1,2,3,97.19249600000012
10,1,False,1,2,4,88.11592500000003
10,1,False,1,2,5,92.99306500000002
10,1,False,1,2,6,107.89153100000011
10,1,False,1,2,7,108.58640600000021
10,1,False,1,2,8,119.08358200000004
10,1,False,1,2,9,114.86040500000003
10,1,False,1,2,10,105.07694200000009
10,1,False,1,2,11,114.26501600000003
10,1,False,1,2,12,106.71392200000008
10,1,False,1,2,13,119.05692599999999
10,1,False,1,2,14,102.22182500000005
10,1,False,1,2,15,107.07590600000005
10,1,False,1,2,16,118.11166100000011
10,1,False,1,2,17,109.40293200000009
10,1,False,1,2,18,112.88920900000008
10,1,False,1,2,19,114.4835090000001
10,1,False,1,2,20,100.42974800000002
10,1,False,1,2,21,110.19568900000004
10,1,False,1,2,22,105.35897500000019
10,1,False,1,2,23,96.87496000000009
10,3,False,1,2,0,2570.137908999981
10,3,False,1,2,1,95.41937000000003
10,3,False,1,2,2,91.04116800000004
10,3,False,1,2,3,83.20931100000001
10,3,False,1,2,4,96.48272000000009
10,3,False,1,2,5,91.89091400000001
10,3,False,1,2,6,108.94902900000004
10,3,False,1,2,7,98.46139199999998
10,3,False,1,2,8,118.66718600000011
10,3,False,1,2,9,110.48765800000008
10,3,False,1,2,10,101.65357000000007
10,3,False,1,2,11,115.66755500000008
10,3,False,1,2,12,102.75642800000008
10,3,False,1,2,13,105.3292700000001
10,3,False,1,2,14,104.95673700000006
10,3,False,1,2,15,106.37970200000014
10,3,False,1,2,16,104.55584900000007
10,3,False,1,2,17,111.06288800000013
10,3,False,1,2,18,115.98025099999997
10,3,False,1,2,19,107.08635800000006
10,3,False,1,2,20,107.10083400000008
10,3,False,1,2,21,103.10906800000008
10,3,False,1,2,22,103.03262600000012
10,3,False,1,2,23,104.57140500000006
10,5,True,1,2,0,2553.7848999999887
10,5,True,1,2,1,95.61145700000004
10,5,True,1,2,2,90.24951400000005
10,5,True,1,2,3,94.73791900000006
10,5,True,1,2,4,92.54269799999994
10,5,True,1,2,5,82.66989500000008
10,5,True,1,2,6,101.14292200000004
10,5,True,1,2,7,105.3427590000001
10,5,True,1,2,8,97.81115100000007
10,5,True,1,2,9,114.37608200000003
10,5,True,1,2,10,105.90842000000006
10,5,True,1,2,11,103.1005190000001
10,5,True,1,2,12,109.99286200000009
10,5,True,1,2,13,108.02538100000015
10,5,True,1,2,14,107.65442300000011
10,5,True,1,2,15,110.39883900000014
10,5,True,1,2,16,116.60758100000007
10,5,True,1,2,17,111.36254900000006
10,5,True,1,2,18,109.22217399999997
10,5,True,1,2,19,111.3694800000001
10,5,True,1,2,20,109.63604500000007
10,5,True,1,2,21,94.72522600000002
10,5,True,1,2,22,107.70489900000007
10,5,True,1,2,23,102.97485300000014
11,2,False,1,2,0,2625.3239799999915
11,2,False,1,2,1,91.29471300000007
11,2,False,1,2,2,98.64523900000005
11,2,False,1,2,3,89.34694500000005
11,2,False,1,2,4,90.4373220000001
11,2,False,1,2,5,96.57294199999994
11,2,False,1,2,6,94.74830500000007
11,2,False,1,2,7,105.5498980000001
11,2,False,1,2,8,119.96545400000007
11,2,False,1,2,9,108.61349400000012
11,2,False,1,2,10,112.45137900000006
11,2,False,1,2,11,106.76752900000007
11,2,False,1,2,12,108.04047800000012
11,2,False,1,2,13,109.73313900000004
11,2,False,1,2,14,117.88925000000012
11,2,False,1,2,15,113.40418299999999
11,2,False,1,2,16,104.40511400000005
11,2,False,1,2,17,122.51703800000014
11,2,False,1,2,18,113.66427500000006
11,2,False,1,2,19,107.90172300000016
11,2,False,1,2,20,114.71684800000006
11,2,False,1,2,21,103.59793900000003
11,2,False,1,2,22,105.88352100000004
11,2,False,1,2,23,101.77576200000007
11,4,False,1,2,0,2530.1165649999975
11,4,False,1,2,1,95.97095200000001
11,4,False,1,2,2,93.32421699999996
11,4,False,1,2,3,94.28614500000003
11,4,False,1,2,4,82.152759
11,4,False,1,2,5,89.53337300000003
11,4,False,1,2,6,106.45733000000007
11,4,False,1,2,7,102.79204000000013
11,4,False,1,2,8,109.28132500000007
11,4,False,1,2,9,106.91085500000005
11,4,False,1,2,10,107.2873170000001
11,4,False,1,2,11,109.71187900000008
11,4,False,1,2,12,93.54802100000003
11,4,False,1,2,13,110.55727000000014
11,4,False,1,2,14,102.00916800000012
11,4,False,1,2,15,111.63165499999997
11,4,False,1,2,16,111.06154100000013
11,4,False,1,2,17,109.3608390000001
11,4,False,1,2,18,113.04178900000012
11,4,False,1,2,19,106.77781500000006
11,4,False,1,2,20,109.69102500000004
11,4,False,1,2,21,104.35290300000007
11,4,False,1,2,22,100.67312900000009
11,4,False,1,2,23,97.66244400000008
11,6,True,1,2,0,2419.522176999995
11,6,True,1,2,1,89.45580300000012
11,6,True,1,2,2,94.86352500000002
11,6,True,1,2,3,86.91233899999996
11,6,True,1,2,4,92.57027299999994
11,6,True,1,2,5,79.78507300000004
11,6,True,1,2,6,92.68965500000006
11,6,True,1,2,7,100.86263900000013
11,6,True,1,2,8,98.3430300000001
11,6,True,1,2,9,99.71622500000007
11,6,True,1,2,10,98.83167300000012
11,6,True,1,2,11,105.57623200000012
11,6,True,1,2,12,99.11456300000006
11,6,True,1,2,13,98.3485450000001
11,6,True,1,2,14,104.41339100000012
11,6,True,1,2,15,90.59133300000005
11,6,True,1,2,16,107.70340400000009
11,6,True,1,2,17,102.0894550000001
11,6,True,1,2,18,108.22507000000007
11,6,True,1,2,19,99.43941000000011
11,6,True,1,2,20,96.04156900000014
11,6,True,1,2,21,104.71406200000006
11,6,True,1,2,22,97.36822000000006
11,6,True,1,2,23,93.77529000000003
12,0,False,1,2,0,2558.7822319999955
12,0,False,1,2,1,88.96397800000005
12,0,False,1,2,2,81.82749400000003
12,0,False,1,2,3,76.77688400000001
12,0,False,1,2,4,86.95515600000006
12,0,False,1,2,5,83.69452599999998
12,0,False,1,2,6,101.95143800000008
12,0,False,1,2,7,102.45721000000005
12,0,False,1,2,8,118.94783500000017
12,0,False,1,2,9,108.73184500000009
12,0,False,1,2,10,115.50972400000012
12,0,False,1,2,11,100.23170100000009
12,0,False,1,2,12,104.25216300000008
12,0,False,1,2,13,115.24274000000014
12,0,False,1,2,14,111.0516310000001
12,0,False,1,2,15,107.4420870000001
12,0,False,1,2,16,114.43312400000012
12,0,False,1,2,17,113.42274300000003
12,0,False,1,2,18,122.84727300000009
12,0,False,1,2,19,106.5924950000002
12,0,False,1,2,20,113.55806400000006
12,0,False,1,2,21,104.3688440000001
12,0,False,1,2,22,108.76662100000007
12,0,False,1,2,23,96.34567400000012
12,3,False,1,2,0,2543.473406999978
12,3,False,1,2,1,94.51694200000004
12,3,False,1,2,2,90.74497900000007
12,3,False,1,2,3,94.54678000000006
12,3,False,1,2,4,88.19379700000009
12,3,False,1,2,5,95.15196
12,3,False,1,2,6,99.20584799999996
12,3,False,1,2,7,105.21837200000006
12,3,False,1,2,8,111.22903500000008
12,3,False,1,2,9,113.37623900000017
12,3,False,1,2,10,106.6583080000001
12,3,False,1,2,11,105.41116300000003
12,3,False,1,2,12,104.70149800000006
12,3,False,1,2,13,88.06054200000005
12,3,False,1,2,14,102.19674700000012
12,3,False,1,2,15,115.13807000000006
12,3,False,1,2,16,111.76046100000015
12,3,False,1,2,17,116.38590800000004
12,3,False,1,2,18,108.01983800000012
12,3,False,1,2,19,105.1966190000002
12,3,False,1,2,20,101.65402300000001
12,3,False,1,2,21,101.03541000000008
12,3,False,1,2,22,106.46888100000001
12,3,False,1,2,23,95.42747500000002
12,5,True,1,2,0,2536.270638999977
12,5,True,1,2,1,90.579122
12,5,True,1,2,2,88.75175900000002
12,5,True,1,2,3,89.929339
12,5,True,1,2,4,86.80646400000008
12,5,True,1,2,5,99.94926099999999
12,5,True,1,2,6,100.36836900000006
12,5,True,1,2,7,94.05236300000011
12,5,True,1,2,8,114.4930570000001
12,5,True,1,2,9,108.9657250000001
12,5,True,1,2,10,105.00147300000015
12,5,True,1,2,11,105.83421800000009
12,5,True,1,2,12,105.4219380000001
12,5,True,1,2,13,99.99162
12,5,True,1,2,14,107.90377400000015
12,5,True,1,2,15,114.90078500000011
12,5,True,1,2,16,106.33083300000015
12,5,True,1,2,17,107.70933700000012
12,5,True,1,2,18,106.80504200000014
12,5,True,1,2,19,111.66051200000017
12,5,True,1,2,20,102.94430300000008
12,5,True,1,2,21,95.863131
12,5,True,1,2,22,109.03751600000012
12,5,True,1,2,23,91.77745600000004
13,1,False,1,2,0,2600.0672180000047
13,1,False,1,2,1,92.03485799999999
13,1,False,1,2,2,88.107308
13,1,False,1,2,3,97.4178070000001
13,1,False,1,2,4,85.92745000000008
13,1,False,1,2,5,95.76951000000012
13,1,False,1,2,6,98.88786000000015
13,1,False,1,2,7,104.6170680000001
13,1,False,1,2,8,119.90613700000011
13,1,False,1,2,9,110.62430200000011
13,1,False,1,2,10,108.84904700000011
13,1,False,1,2,11,106.98117500000006
13,1,False,1,2,12,104.1580360000001
13,1,False,1,2,13,114.61887900000015
13,1,False,1,2,14,103.99846300000016
13,1,False,1,2,15,117.53783900000009
13,1,False,1,2,16,111.43699100000013
13,1,False,1,2,17,114.22010400000002
13,1,False,1,2,18,119.24336500000008
13,1,False,1,2,19,109.02587600000014
13,1,False,1,2,20,111.46777500000007
13,1,False,1,2,21,103.89822599999998
13,1,False,1,2,22,106.52350600000001
13,1,False,1,2,23,94.39379200000006
13,4,False,1,1,0,2179.2035139999844
13,4,False,1,1,1,83.38623700000002
13,4,False,1,1,2,82.00604300000002
13,4,False,1,1,3,82.38414700000006
13,4,False,1,1,4,88.26338300000002
13,4,False,1,1,5,85.504556
13,4,False,1,1,6,90.31479800000004
13,4,False,1,1,7,96.93927800000012
13,4,False,1,1,8,78.48571100000002
13,4,False,1,1,9,90.87729000000006
13,4,False,1,1,10,90.55325400000005
13,4,False,1,1,11,90.67226699999998
13,4,False,1,1,12,79.74227700000002
13,4,False,1,1,13,84.98411800000001
13,4,False,1,1,14,89.26221800000009
13,4,False,1,1,15,87.53600300000002
13,4,False,1,1,16,92.5131239999999
13,4,False,1,1,17,86.99139600000004
13,4,False,1,1,18,85.69635200000002
13,4,False,1,1,19,85.358225
13,4,False,1,1,20,90.392306
13,4,False,1,1,21,81.21757799999999
13,4,False,1,1,22,92.17731200000004
13,4,False,1,1,23,72.79112100000005
13,6,True,1,2,0,2410.847191999983
13,6,True,1,2,1,81.75204700000003
13,6,True,1,2,2,94.92664700000003
13,6,True,1,2,3,86.355339
13,6,True,1,2,4,92.69708700000004
13,6,True,1,2,5,82.58559500000005
13,6,True,1,2,6,95.09287499999999
13,6,True,1,2,7,103.10671000000006
13,6,True,1,2,8,96.41570800000014
13,6,True,1,2,9,96.50958100000004
13,6,True,1,2,10,99.85426800000006
13,6,True,1,2,11,102.8589850000001
13,6,True,1,2,12,95.20147700000015
13,6,True,1,2,13,98.1365690000001
13,6,True,1,2,14,101.73599700000008
13,6,True,1,2,15,99.91045400000014
13,6,True,1,2,16,102.5198000000001
13,6,True,1,2,17,98.5430530000001
13,6,True,1,2,18,107.54973400000011
13,6,True,1,2,19,95.4043400000001
13,6,True,1,2,20,96.24371900000001
13,6,True,1,2,21,97.1989240000001
13,6,True,1,2,22,102.50463200000016
13,6,True,1,2,23,90.76817500000006
14,0,False,1,2,0,2403.757329999984
14,0,False,1,2,1,91.82314800000002
14,0,False,1,2,2,80.86309700000001
14,0,False,1,2,3,86.18960699999997
14,0,False,1,2,4,74.73618400000005
14,0,False,1,2,5,88.18316800000005
14,0,False,1,2,6,93.57536900000011
14,0,False,1,2,7,107.3759470000001
14,0,False,1,2,8,100.28217100000013
14,0,False,1,2,9,106.83418500000005
14,0,False,1,2,10,109.86809400000006
14,0,False,1,2,11,93.82114500000004
14,0,False,1,2,12,104.71451900000005
14,0,False,1,2,13,99.1562200000001
14,0,False,1,2,14,100.80838000000014
14,0,False,1,2,15,101.4969070000002
14,0,False,1,2,16,104.77542900000006
14,0,False,1,2,17,102.43331400000008
14,0,False,1,2,18,106.6333450000001
14,0,False,1,2,19,106.35090300000012
14,0,False,1,2,20,98.09106300000009
14,0,False,1,2,21,95.99840800000007
14,0,False,1,2,22,100.39828400000009
14,0,False,1,2,23,99.71024100000005
14,2,False,1,2,0,2550.315484000007
14,2,False,1,2,1,95.47761700000012
14,2,False,1,2,2,90.68537000000005
14,2,False,1,2,3,93.31973800000007
14,2,False,1,2,4,86.13746700000002
14,2,False,1,2,5,93.68586500000004
14,2,False,1,2,6,97.47802300000014
14,2,False,1,2,7,104.89440100000009
14,2,False,1,2,8,116.3366980000001
14,2,False,1,2,9,108.86828000000011
14,2,False,1,2,10,106.37934300000012
14,2,False,1,2,11,106.59212900000007
14,2,False,1,2,12,101.57280000000014
14,2,False,1,2,13,110.7185880000001
14,2,False,1,2,14,108.67194700000003
14,2,False,1,2,15,102.27692100000006
14,2,False,1,2,16,117.52238700000015
14,2,False,1,2,17,111.36839200000006
14,2,False,1,2,18,117.21215400000013
14,2,False,1,2,19,105.04888500000017
14,2,False,1,2,20,104.59570100000008
14,2,False,1,2,21,107.48780800000007
14,2,False,1,2,22,102.73094300000011
14,2,False,1,2,23,99.34561300000009
14,5,True,1,1,0,2178.8250789999793
14,5,True,1,1,1,68.64842000000003
14,5,True,1,1,2,72.82854599999997
14,5,True,1,1,3,69.85115800000004
14,5,True,1,1,4,64.32386900000002
14,5,True,1,1,5,68.33902400000002
14,5,True,1,1,6,86.58534100000003
14,5,True,1,1,7,84.03661700000009
14,5,True,1,1,8,93.28156600000014
14,5,True,1,1,9,96.78168600000008
14,5,True,1,1,10,98.49947900000005
14,5,True,1,1,11,107.84128600000003
14,5,True,1,1,12,91.03718200000006
14,5,True,1,1,13,108.99136000000006
14,5,True,1,1,14,101.49465100000006
14,5,True,1,1,15,108.36281900000012
14,5,True,1,1,16,104.79061000000007
14,5,True,1,1,17,101.99920100000008
14,5,True,1,1,18,101.67096500000011
14,5,True,1,1,19,81.71502400000001
14,5,True,1,1,20,77.94764100000002
14,5,True,1,1,21,77.54824800000003
14,5,True,1,1,22,76.83891800000002
14,5,True,1,1,23,68.51936400000001
15,1,False,2,2,0,2502.459007999985
15,1,False,2,2,1,94.60129900000011
15,1,False,2,2,2,90.27416000000005
15,1,False,2,2,3,92.79104400000003
15,1,False,2,2,4,83.92948700000004
15,1,False,2,2,5,94.88907600000003
15,1,False,2,2,6,95.20731600000006
15,1,False,2,2,7,100.4872460000001
15,1,False,2,2,8,112.92646400000015
15,1,False,2,2,9,103.02898600000012
15,1,False,2,2,10,110.98123600000012
15,1,False,2,2,11,97.16269300000006
15,1,False,2,2,12,102.61719700000012
15,1,False,2,2,13,103.2507670000001
15,1,False,2,2,14,103.4940460000001
15,1,False,2,2,15,114.47121900000008
15,1,False,2,2,16,103.49654200000012
15,1,False,2,2,17,115.29444600000004
15,1,False,2,2,18,103.90815999999995
15,1,False,2,2,19,110.33725999999999
15,1,False,2,2,20,104.73364300000004
15,1,False,2,2,21,103.26304300000001
15,1,False,2,2,22,97.74713700000002
15,1,False,2,2,23,92.02467299999999
15,3,False,2,2,0,2455.2568859999947
15,3,False,2,2,1,95.22253800000003
15,3,False,2,2,2,89.08241699999995
15,3,False,2,2,3,84.85757800000002
15,3,False,2,2,4,88.84846199999998
15,3,False,2,2,5,87.05839300000004
15,3,False,2,2,6,101.30743700000009
15,3,False,2,2,7,92.546219
15,3,False,2,2,8,105.60764100000003
15,3,False,2,2,9,111.55021300000007
15,3,False,2,2,10,102.06338800000005
15,3,False,2,2,11,99.09154900000006
15,3,False,2,2,12,97.41241700000006
15,3,False,2,2,13,103.72373100000009
15,3,False,2,2,14,107.9886560000001
15,3,False,2,2,15,105.20758700000009
15,3,False,2,2,16,105.7274380000001
15,3,False,2,2,17,110.74882500000017
15,3,False,2,2,18,100.47536100000006
15,3,False,2,2,19,105.61790500000018
15,3,False,2,2,20,98.09857600000014
15,3,False,2,2,21,96.32664599999993
15,3,False,2,2,22,102.13599199999997
15,3,False,2,2,23,87.93669100000002
15,6,True,2,1,0,2477.2376859999895
15,6,True,2,1,1,83.28484699999998
15,6,True,2,1,2,82.90122800000003
15,6,True,2,1,3,79.27725900000006
15,6,True,2,1,4,85.57799699999997
15,6,True,2,1,5,82.29107400000007
15,6,True,2,1,6,85.99787499999998
15,6,True,2,1,7,102.22091300000002
15,6,True,2,1,8,100.58691000000017
15,6,True,2,1,9,103.4605400000001
15,6,True,2,1,10,106.49990600000012
15,6,True,2,1,11,109.77560800000009
15,6,True,2,1,12,96.25809800000006
15,6,True,2,1,13,107.6073460000001
15,6,True,2,1,14,117.3343470000001
15,6,True,2,1,15,101.71373000000014
15,6,True,2,1,16,116.63018800000005
15,6,True,2,1,17,105.84068500000012
15,6,True,2,1,18,114.55969400000012
15,6,True,2,1,19,107.49435300000013
15,6,True,2,1,20,100.82877700000007
15,6,True,2,1,21,104.47199300000011
15,6,True,2,1,22,107.70404800000009
15,6,True,2,1,23,97.44766400000009
16,0,False,2,2,0,2584.677613000004
16,0,False,2,2,1,88.112914
16,0,False,2,2,2,90.09915099999996
16,0,False,2,2,3,93.15202799999996
16,0,False,2,2,4,85.04654499999998
16,0,False,2,2,5,96.51547900000004
16,0,False,2,2,6,90.41610500000004
16,0,False,2,2,7,111.02514800000021
16,0,False,2,2,8,109.33234300000014
16,0,False,2,2,9,119.35646700000008
16,0,False,2,2,10,103.9801510000001
16,0,False,2,2,11,109.38049000000017
16,0,False,2,2,12,109.72497800000014
16,0,False,2,2,13,109.98024400000014
16,0,False,2,2,14,110.41969100000011
16,0,False,2,2,15,109.29959700000009
16,0,False,2,2,16,118.91025800000017
16,0,False,2,2,17,106.51797900000015
16,0,False,2,2,18,122.96876700000008
16,0,False,2,2,19,108.05816300000012
16,0,False,2,2,20,113.4245710000001
16,0,False,2,2,21,105.05726800000014
16,0,False,2,2,22,95.27258400000001
16,0,False,2,2,23,101.16203600000009
16,2,False,2,2,0,2441.7964379999903
16,2,False,2,2,1,86.95638600000004
16,2,False,2,2,2,95.59417900000004
16,2,False,2,2,3,87.92784400000009
16,2,False,2,2,4,89.97426000000004
16,2,False,2,2,5,84.93418600000003
16,2,False,2,2,6,100.45499900000004
16,2,False,2,2,7,94.58750000000006
16,2,False,2,2,8,101.32085600000008
16,2,False,2,2,9,105.37778500000007
16,2,False,2,2,10,100.23756400000008
16,2,False,2,2,11,101.81191800000002
16,2,False,2,2,12,93.15299899999997
16,2,False,2,2,13,97.25870500000008
16,2,False,2,2,14,109.52454200000011
16,2,False,2,2,15,99.46442000000003
16,2,False,2,2,16,99.39038900000018
16,2,False,2,2,17,109.60915300000012
16,2,False,2,2,18,100.71259800000006
16,2,False,2,2,19,111.40805000000013
16,2,False,2,2,20,95.34997599999998
16,2,False,2,2,21,102.92584800000006
16,2,False,2,2,22,96.008447
16,2,False,2,2,23,92.27144200000002
16,4,False,2,2,0,2513.1460650000004
16,4,False,2,2,1,84.56997999999996
16,4,False,2,2,2,91.97851200000004
16,4,False,2,2,3,87.06180900000003
16,4,False,2,2,4,76.44455099999999
16,4,False,2,2,5,91.44733800000002
16,4,False,2,2,6,97.85171700000011
16,4,False,2,2,7,109.7758190000001
16,4,False,2,2,8,108.87576999999999
16,4,False,2,2,9,110.97942900000004
16,4,False,2,2,10,107.23537400000005
16,4,False,2,2,11,103.75907400000003
16,4,False,2,2,12,101.10731400000006
16,4,False,2,2,13,111.11582900000012
16,4,False,2,2,14,96.83549000000009
16,4,False,2,2,15,105.80397400000017
16,4,False,2,2,16,117.13936400000016
16,4,False,2,2,17,108.52561500000006
16,4,False,2,2,18,117.40699500000004
16,4,False,2,2,19,105.7059120000001
16,4,False,2,2,20,99.03768300000017
16,4,False,2,2,21,101.69608200000005
16,4,False,2,2,22,100.78211900000005
16,4,False,2,2,23,99.34869700000012
17,1,False,2,2,0,2603.2255380000056
17,1,False,2,2,1,97.15892100000006
17,1,False,2,2,2,90.49277200000006
17,1,False,2,2,3,89.29974500000007
17,1,False,2,2,4,89.92730900000001
17,1,False,2,2,5,97.02630100000009
17,1,False,2,2,6,100.90360500000003
17,1,False,2,2,7,113.64000200000017
17,1,False,2,2,8,104.2259870000001
17,1,False,2,2,9,111.91397700000014
17,1,False,2,2,10,113.30204800000011
17,1,False,2,2,11,101.76065100000007
17,1,False,2,2,12,109.20694800000018
17,1,False,2,2,13,110.4437550000001
17,1,False,2,2,14,101.37452800000015
17,1,False,2,2,15,121.00419800000019
17,1,False,2,2,16,112.74255300000011
17,1,False,2,2,17,120.09265400000014
17,1,False,2,2,18,107.59132300000006
17,1,False,2,2,19,116.09438500000009
17,1,False,2,2,20,103.37310700000006
17,1,False,2,2,21,112.22816700000007
17,1,False,2,2,22,103.43841600000006
17,1,False,2,2,23,94.51681000000005
17,3,False,2,2,0,2473.3789949999855
17,3,False,2,2,1,91.76242200000004
17,3,False,2,2,2,80.47130200000005
17,3,False,2,2,3,92.64724200000008
17,3,False,2,2,4,89.73431800000002
17,3,False,2,2,5,85.18012700000003
17,3,False,2,2,6,96.12456800000002
17,3,False,2,2,7,105.92068100000004
17,3,False,2,2,8,102.23563600000006
17,3,False,2,2,9,109.58343000000013
17,3,False,2,2,10,100.47455700000009
17,3,False,2,2,11,98.13134800000007
17,3,False,2,2,12,99.19195200000009
17,3,False,2,2,13,95.64520200000001
17,3,False,2,2,14,107.069362
17,3,False,2,2,15,101.4872600000001
17,3,False,2,2,16,108.88236800000006
17,3,False,2,2,17,108.75646000000008
17,3,False,2,2,18,107.0310150000001
17,3,False,2,2,19,108.23567100000012
17,3,False,2,2,20,105.9238960000001
17,3,False,2,2,21,100.9121250000001
17,3,False,2,2,22,96.87112500000005
17,3,False,2,2,23,98.34567600000007
17,5,True,2,2,0,2500.9753159999927
17,5,True,2,2,1,84.8476910000001
17,5,True,2,2,2,93.98894500000011
17,5,True,2,2,3,84.18651200000006
17,5,True,2,2,4,85.09216700000005
17,5,True,2,2,5,94.87283700000002
17,5,True,2,2,6,92.20438900000003
17,5,True,2,2,7,100.79931100000012
17,5,True,2,2,8,102.12459100000007
17,5,True,2,2,9,107.24431000000001
17,5,True,2,2,10,113.03092400000014
17,5,True,2,2,11,103.07192200000006
17,5,True,2,2,12,109.19860500000003
17,5,True,2,2,13,100.10745500000013
17,5,True,2,2,14,107.39777500000005
17,5,True,2,2,15,115.78549300000006
17,5,True,2,2,16,109.48448500000009
17,5,True,2,2,17,113.69858000000012
17,5,True,2,2,18,105.48940200000007
17,5,True,2,2,19,103.86343000000015
17,5,True,2,2,20,107.27503300000006
17,5,True,2,2,21,94.30520100000004
17,5,True,2,2,22,106.60583300000015
17,5,True,2,2,23,92.254733
18,2,False,2,2,0,2592.452576000009
18,2,False,2,2,1,98.32461900000004
18,2,False,2,2,2,91.19061999999994
18,2,False,2,2,3,87.83254200000005
18,2,False,2,2,4,89.38884399999999
18,2,False,2,2,5,91.36237699999998
18,2,False,2,2,6,109.90834600000007
18,2,False,2,2,7,105.89867600000011
18,2,False,2,2,8,110.39716400000019
18,2,False,2,2,9,111.33403400000014
18,2,False,2,2,10,112.99832200000014
18,2,False,2,2,11,98.4808960000001
18,2,False,2,2,12,108.69251699999998
18,2,False,2,2,13,111.61904500000004
18,2,False,2,2,14,108.51627200000007
18,2,False,2,2,15,111.10073700000014
18,2,False,2,2,16,110.77217900000011
18,2,False,2,2,17,112.44097300000007
18,2,False,2,2,18,112.46722800000018
18,2,False,2,2,19,113.9520760000001
18,2,False,2,2,20,105.73026800000011
18,2,False,2,2,21,111.75618500000013
18,2,False,2,2,22,96.56611900000004
18,2,False,2,2,23,103.18656700000004
18,4,False,2,2,0,2495.1098499999825
18,4,False,2,2,1,79.34412999999999
18,4,False,2,2,2,90.485791
18,4,False,2,2,3,90.406324
18,4,False,2,2,4,84.646547
18,4,False,2,2,5,92.87183600000004
18,4,False,2,2,6,95.43999300000004
18,4,False,2,2,7,100.08419399999998
18,4,False,2,2,8,109.32399200000017
18,4,False,2,2,9,107.89300400000013
18,4,False,2,2,10,96.33966600000005
18,4,False,2,2,11,104.53444400000011
18,4,False,2,2,12,95.52137700000003
18,4,False,2,2,13,109.39833100000007
18,4,False,2,2,14,95.46351
18,4,False,2,2,15,111.88022300000004
18,4,False,2,2,16,112.0842130000001
18,4,False,2,2,17,104.05707300000007
18,4,False,2,2,18,114.66388500000019
18,4,False,2,2,19,109.03372100000009
18,4,False,2,2,20,100.3403870000001
18,4,False,2,2,21,106.73980100000011
18,4,False,2,2,22,100.88886900000003
18,4,False,2,2,23,97.85379100000009
18,6,True,2,2,0,2383.0671569999968
18,6,True,2,2,1,93.04681700000003
18,6,True,2,2,2,89.39335400000002
18,6,True,2,2,3,86.275058
18,6,True,2,2,4,90.32092900000002
18,6,True,2,2,5,86.34597600000002
18,6,True,2,2,6,94.23947399999999
18,6,True,2,2,7,95.20780600000012
18,6,True,2,2,8,101.62171500000007
18,6,True,2,2,9,96.72118800000003
18,6,True,2,2,10,99.80304200000016
18,6,True,2,2,11,101.40279000000005
18,6,True,2,2,12,91.72861900000002
18,6,True,2,2,13,104.28425700000011
18,6,True,2,2,14,98.70139300000004
18,6,True,2,2,15,100.12449700000018
18,6,True,2,2,16,108.8170790000001
18,6,True,2,2,17,96.59563000000003
18,6,True,2,2,18,105.81912800000019
18,6,True,2,2,19,97.04395400000004
18,6,True,2,2,20,90.89662000000008
18,6,True,2,2,21,97.94553500000016
18,6,True,2,2,22,94.51845099999996
18,6,True,2,2,23,85.223131
19,0,False,2,2,0,2522.4451789999807
19,0,False,2,2,1,80.23316300000008
19,0,False,2,2,2,90.068033
19,0,False,2,2,3,80.73426700000005
19,0,False,2,2,4,80.74611800000001
19,0,False,2,2,5,86.96666700000004
19,0,False,2,2,6,94.15555000000005
19,0,False,2,2,7,96.24758400000002
19,0,False,2,2,8,113.25438900000005
19,0,False,2,2,9,109.25345700000014
19,0,False,2,2,10,115.51899300000012
19,0,False,2,2,11,104.74934200000008
19,0,False,2,2,12,104.60178500000013
19,0,False,2,2,13,105.17939000000013
19,0,False,2,2,14,109.61909100000011
19,0,False,2,2,15,108.36648900000004
19,0,False,2,2,16,115.69605100000008
19,0,False,2,2,17,114.03438000000017
19,0,False,2,2,18,111.26000100000009
19,0,False,2,2,19,106.91061800000001
19,0,False,2,2,20,110.49194900000008
19,0,False,2,2,21,104.62385300000004
19,0,False,2,2,22,101.1925160000001
19,0,False,2,2,23,100.0101550000001
19,3,False,2,2,0,2481.8184469999815
19,3,False,2,2,1,97.61202700000007
19,3,False,2,2,2,89.020299
19,3,False,2,2,3,89.07593900000003
19,3,False,2,2,4,88.765466
19,3,False,2,2,5,88.92650900000005
19,3,False,2,2,6,105.3899300000001
19,3,False,2,2,7,106.29697500000015
19,3,False,2,2,8,108.98118800000012
19,3,False,2,2,9,110.69711800000009
19,3,False,2,2,10,98.66981600000008
19,3,False,2,2,11,109.68337200000009
19,3,False,2,2,12,98.93103300000008
19,3,False,2,2,13,101.99905500000001
19,3,False,2,2,14,101.23850500000015
19,3,False,2,2,15,103.64806600000018
19,3,False,2,2,16,105.07979500000012
19,3,False,2,2,17,104.57961900000011
19,3,False,2,2,18,112.87100100000013
19,3,False,2,2,19,93.54501700000013
19,3,False,2,2,20,105.84545800000016
19,3,False,2,2,21,95.92781400000013
19,3,False,2,2,22,98.5754650000001
19,3,False,2,2,23,87.20965800000006
19,5,True,2,2,0,2438.0355629999885
19,5,True,2,2,1,90.43364399999999
19,5,True,2,2,2,93.283105
19,5,True,2,2,3,82.40243000000001
19,5,True,2,2,4,92.330423
19,5,True,2,2,5,87.258034
19,5,True,2,2,6,95.08783800000009
19,5,True,2,2,7,95.88560700000008
19,5,True,2,2,8,100.15454100000011
19,5,True,2,2,9,101.48744900000011
19,5,True,2,2,10,101.82417500000012
19,5,True,2,2,11,101.27857500000015
19,5,True,2,2,12,98.29083000000006
19,5,True,2,2,13,101.57298600000006
19,5,True,2,2,14,94.95457000000007
19,5,True,2,2,15,108.46379000000005
19,5,True,2,2,16,105.25983600000012
19,5,True,2,2,17,107.84561000000012
19,5,True,2,2,18,106.44240000000016
19,5,True,2,2,19,100.17103800000017
19,5,True,2,2,20,107.08358400000003
19,5,True,2,2,21,96.20886000000012
19,5,True,2,2,22,104.91731300000014
19,5,True,2,2,23,95.39999500000009
20,1,False,2,2,0,2558.2075119999977
20,1,False,2,2,1,94.68437300000001
20,1,False,2,2,2,88.314041
20,1,False,2,2,3,94.1104400000001
20,1,False,2,2,4,86.29144899999996
20,1,False,2,2,5,95.27827300000001
20,1,False,2,2,6,97.27593200000005
20,1,False,2,2,7,102.52133600000023
20,1,False,2,2,8,106.02590500000007
20,1,False,2,2,9,111.05275500000012
20,1,False,2,2,10,112.28872300000012
20,1,False,2,2,11,101.38883100000008
20,1,False,2,2,12,108.57041700000009
20,1,False,2,2,13,108.32084500000016
20,1,False,2,2,14,105.96504500000012
20,1,False,2,2,15,111.9576050000001
20,1,False,2,2,16,111.51031000000009
20,1,False,2,2,17,118.37054700000012
20,1,False,2,2,18,104.92938100000006
20,1,False,2,2,19,113.07405600000006
20,1,False,2,2,20,104.48251000000013
20,1,False,2,2,21,112.212477
20,1,False,2,2,22,99.76633700000015
20,1,False,2,2,23,99.80740999999999
20,4,False,2,2,0,2391.9305669999885
20,4,False,2,2,1,90.49100800000005
20,4,False,2,2,2,84.84775600000015
20,4,False,2,2,3,82.74803000000006
20,4,False,2,2,4,83.26324700000012
20,4,False,2,2,5,85.80222600000002
20,4,False,2,2,6,91.96314200000006
20,4,False,2,2,7,98.88591800000012
20,4,False,2,2,8,103.61124900000006
20,4,False,2,2,9,102.32335700000003
20,4,False,2,2,10,99.63763800000007
20,4,False,2,2,11,93.6534780000001
20,4,False,2,2,12,102.25471200000004
20,4,False,2,2,13,101.62225300000014
20,4,False,2,2,14,93.86342300000008
20,4,False,2,2,15,107.15914700000015
20,4,False,2,2,16,100.41253700000017
20,4,False,2,2,17,105.66496200000006
20,4,False,2,2,18,112.68029700000005
20,4,False,2,2,19,102.76593400000016
20,4,False,2,2,20,91.12210500000003
20,4,False,2,2,21,104.591143
20,4,False,2,2,22,95.85496800000014
20,4,False,2,2,23,89.15700500000001
20,6,True,2,2,0,2350.610003999993
20,6,True,2,2,1,90.24301299999996
20,6,True,2,2,2,88.21934999999998
20,6,True,2,2,3,92.93386500000005
20,6,True,2,2,4,80.78490100000005
20,6,True,2,2,5,96.48266900000003
20,6,True,2,2,6,92.97879200000004
20,6,True,2,2,7,101.3529580000001
20,6,True,2,2,8,85.63925000000008
20,6,True,2,2,9,96.65285900000005
20,6,True,2,2,10,99.19393200000015
20,6,True,2,2,11,86.82318100000009
20,6,True,2,2,12,101.40305300000007
20,6,True,2,2,13,88.58556500000006
20,6,True,2,2,14,100.59399000000015
20,6,True,2,2,15,100.03502400000005
20,6,True,2,2,16,101.67680500000004
20,6,True,2,2,17,106.33029100000016
20,6,True,2,2,18,92.72149000000012
20,6,True,2,2,19,96.02798600000014
20,6,True,2,2,20,101.7984840000001
20,6,True,2,2,21,93.8974230000001
20,6,True,2,2,22,92.90936300000001
20,6,True,2,2,23,87.87745599999998
21,0,False,2,2,0,2391.9722699999766
21,0,False,2,2,1,80.18349400000002
21,0,False,2,2,2,73.461572
21,0,False,2,2,3,84.81904000000002
21,0,False,2,2,4,77.83153000000004
21,0,False,2,2,5,80.93641300000003
21,0,False,2,2,6,92.15213200000005
21,0,False,2,2,7,106.71931500000008
21,0,False,2,2,8,96.17781000000014
21,0,False,2,2,9,103.48726000000009
21,0,False,2,2,10,110.45008600000007
21,0,False,2,2,11,90.52587800000009
21,0,False,2,2,12,97.0232210000001
21,0,False,2,2,13,99.18442800000018
21,0,False,2,2,14,104.14396000000015
21,0,False,2,2,15,102.65369200000008
21,0,False,2,2,16,110.0415300000001
21,0,False,2,2,17,99.75304300000005
21,0,False,2,2,18,114.83609900000013
21,0,False,2,2,19,97.87122000000005
21,0,False,2,2,20,107.48383200000006
21,0,False,2,2,21,98.41372900000002
21,0,False,2,2,22,99.35567100000007
21,0,False,2,2,23,92.49292100000001
21,2,False,2,2,0,2583.2959200000037
21,2,False,2,2,1,95.74051000000009
21,2,False,2,2,2,88.36378600000002
21,2,False,2,2,3,94.75646300000004
21,2,False,2,2,4,85.58854200000005
21,2,False,2,2,5,95.956826
21,2,False,2,2,6,93.60330200000003
21,2,False,2,2,7,110.21522300000012
21,2,False,2,2,8,113.31840600000008
21,2,False,2,2,9,116.435988
21,2,False,2,2,10,105.32384700000017
21,2,False,2,2,11,112.73438600000009
21,2,False,2,2,12,103.83637400000009
21,2,False,2,2,13,107.74608400000004
21,2,False,2,2,14,110.77528600000011
21,2,False,2,2,15,107.26519800000011
21,2,False,2,2,16,111.24658500000004
21,2,False,2,2,17,111.7033780000001
21,2,False,2,2,18,121.35389700000012
21,2,False,2,2,19,108.06263600000011
21,2,False,2,2,20,115.08283500000009
21,2,False,2,2,21,96.384177
21,2,False,2,2,22,110.2685910000001
21,2,False,2,2,23,96.45495000000004
21,5,True,2,2,0,2490.2593229999843
21,5,True,2,2,1,88.97376300000003
21,5,True,2,2,2,89.47509300000002
21,5,True,2,2,3,87.43289300000004
21,5,True,2,2,4,88.35438100000002
21,5,True,2,2,5,95.31626400000005
21,5,True,2,2,6,91.63767600000006
21,5,True,2,2,7,96.91308000000011
21,5,True,2,2,8,111.20363100000009
21,5,True,2,2,9,96.88361600000002
21,5,True,2,2,10,113.71432200000008
21,5,True,2,2,11,94.72836500000011
21,5,True,2,2,12,104.54146800000005
21,5,True,2,2,13,96.73733700000001
21,5,True,2,2,14,115.96184000000011
21,5,True,2,2,15,101.87269700000013
21,5,True,2,2,16,115.89806500000009
21,5,True,2,2,17,108.42672000000013
21,5,True,2,2,18,109.24989600000004
21,5,True,2,2,19,105.95914900000008
21,5,True,2,2,20,102.22803800000008
21,5,True,2,2,21,104.97152200000004
21,5,True,2,2,22,98.32852500000001
21,5,True,2,2,23,103.28511000000009
22,1,False,2,2,0,2420.0625429999773
22,1,False,2,2,1,86.92208500000002
22,1,False,2,2,2,91.64362700000007
22,1,False,2,2,3,78.51670600000004
22,1,False,2,2,4,94.0116420000001
22,1,False,2,2,5,78.58902700000006
22,1,False,2,2,6,101.79597600000002
22,1,False,2,2,7,100.56111700000004
22,1,False,2,2,8,104.25539800000018
22,1,False,2,2,9,104.57711600000002
22,1,False,2,2,10,103.2486720000001
22,1,False,2,2,11,100.40021900000015
22,1,False,2,2,12,97.52471000000003
22,1,False,2,2,13,103.085606
22,1,False,2,2,14,103.65099100000006
22,1,False,2,2,15,102.65439200000006
22,1,False,2,2,16,104.98978800000017
22,1,False,2,2,17,101.9690000000001
22,1,False,2,2,18,102.12396800000002
22,1,False,2,2,19,102.26145100000015
22,1,False,2,2,20,98.40995100000013
22,1,False,2,2,21,99.40298000000008
22,1,False,2,2,22,96.27810900000001
22,1,False,2,2,23,92.63954600000002
22,3,False,2,2,0,2578.1687190000052
22,3,False,2,2,1,89.25348400000001
22,3,False,2,2,2,94.20943400000007
22,3,False,2,2,3,84.58220599999999
22,3,False,2,2,4,92.89619199999996
22,3,False,2,2,5,90.88655000000004
22,3,False,2,2,6,105.45553500000015
22,3,False,2,2,7,107.4534570000001
22,3,False,2,2,8,113.09149200000013
22,3,False,2,2,9,113.47127900000012
22,3,False,2,2,10,109.00510400000014
22,3,False,2,2,11,108.25969400000021
22,3,False,2,2,12,98.73939300000012
22,3,False,2,2,13,111.55770000000008
22,3,False,2,2,14,96.95264900000012
22,3,False,2,2,15,111.90277800000017
22,3,False,2,2,16,106.60746100000011
22,3,False,2,2,17,115.4201520000001
22,3,False,2,2,18,105.56123900000014
22,3,False,2,2,19,113.15615500000003
22,3,False,2,2,20,105.49046800000006
22,3,False,2,2,21,108.43807900000003
22,3,False,2,2,22,101.59893700000003
22,3,False,2,2,23,96.03076300000006
22,6,True,2,2,0,2304.5911279999877
22,6,True,2,2,1,88.87994399999998
22,6,True,2,2,2,95.82979100000004
22,6,True,2,2,3,78.169756
22,6,True,2,2,4,92.936778
22,6,True,2,2,5,87.164526
22,6,True,2,2,6,90.51161200000007
22,6,True,2,2,7,93.67927900000008
22,6,True,2,2,8,85.68500000000006
22,6,True,2,2,9,100.12657900000005
22,6,True,2,2,10,95.00204100000002
22,6,True,2,2,11,87.77253700000007
22,6,True,2,2,12,98.11064600000005
22,6,True,2,2,13,91.016117
22,6,True,2,2,14,97.12748700000009
22,6,True,2,2,15,98.84187700000008
22,6,True,2,2,16,100.02344900000011
22,6,True,2,2,17,90.443623
22,6,True,2,2,18,104.48959500000007
22,6,True,2,2,19,90.57844400000008
22,6,True,2,2,20,102.65079400000003
22,6,True,2,2,21,85.93430700000002
22,6,True,2,2,22,92.42543800000011
22,6,True,2,2,23,96.28552200000007
23,0,False,2,2,0,2402.0285829999866
23,0,False,2,2,1,90.014691
23,0,False,2,2,2,82.85864300000003
23,0,False,2,2,3,82.14405600000006
23,0,False,2,2,4,77.48238400000001
23,0,False,2,2,5,84.23185899999997
23,0,False,2,2,6,91.48666700000001
23,0,False,2,2,7,98.59432100000011
23,0,False,2,2,8,111.16924400000003
23,0,False,2,2,9,95.50987800000007
23,0,False,2,2,10,101.88438900000016
23,0,False,2,2,11,100.80353800000003
23,0,False,2,2,12,96.41234900000008
23,0,False,2,2,13,98.61036300000004
23,0,False,2,2,14,110.12435400000007
23,0,False,2,2,15,104.9935800000001
23,0,False,2,2,16,107.09024100000019
23,0,False,2,2,17,107.86757100000008
23,0,False,2,2,18,106.96072200000009
23,0,False,2,2,19,104.68593800000014
23,0,False,2,2,20,102.00948700000009
23,0,False,2,2,21,109.03824000000014
23,0,False,2,2,22,90.03744799999998
23,0,False,2,2,23,99.60718
23,2,False,2,2,0,2434.509918999984
23,2,False,2,2,1,78.00982200000001
23,2,False,2,2,2,92.55723000000008
23,2,False,2,2,3,79.08503600000007
23,2,False,2,2,4,89.17062400000005
23,2,False,2,2,5,89.12152900000002
23,2,False,2,2,6,95.21727899999999
23,2,False,2,2,7,100.70178300000003
23,2,False,2,2,8,104.75116400000014
23,2,False,2,2,9,104.59436700000009
23,2,False,2,2,10,103.90672700000007
23,2,False,2,2,11,98.4588220000001
23,2,False,2,2,12,96.25133600000008
23,2,False,2,2,13,102.63384000000013
23,2,False,2,2,14,101.99433100000019
23,2,False,2,2,15,99.2968410000001
23,2,False,2,2,16,110.69735400000009
23,2,False,2,2,17,106.90671200000006
23,2,False,2,2,18,108.08521000000007
23,2,False,2,2,19,102.11129100000005
23,2,False,2,2,20,100.05822700000004
23,2,False,2,2,21,100.14174799999999
23,2,False,2,2,22,103.478921
23,2,False,2,2,23,86.04391700000002
23,4,False,2,2,0,2561.0256789999967
23,4,False,2,2,1,94.92412700000004
23,4,False,2,2,2,89.75985999999995
23,4,False,2,2,3,95.52637899999998
23,4,False,2,2,4,78.40954500000002
23,4,False,2,2,5,95.76631099999999
23,4,False,2,2,6,99.72411500000007
23,4,False,2,2,7,109.66429200000007
23,4,False,2,2,8,110.10677300000005
23,4,False,2,2,9,110.95660700000008
23,4,False,2,2,10,106.02539500000006
23,4,False,2,2,11,110.0412900000001
23,4,False,2,2,12,97.13323300000005
23,4,False,2,2,13,114.57698100000005
23,4,False,2,2,14,106.21230700000008
23,4,False,2,2,15,116.3686510000001
23,4,False,2,2,16,100.96495200000014
23,4,False,2,2,17,117.17719200000015
23,4,False,2,2,18,109.09206700000013
23,4,False,2,2,19,112.72490000000006
23,4,False,2,2,20,99.69014600000015
23,4,False,2,2,21,106.32518900000004
23,4,False,2,2,22,102.09945100000004
23,4,False,2,2,23,101.01016000000008
24,1,False,2,2,0,2455.610970999989
24,1,False,2,2,1,79.53963500000002
24,1,False,2,2,2,96.66195500000002
24,1,False,2,2,3,87.09219200000001
24,1,False,2,2,4,87.799179
24,1,False,2,2,5,86.51986700000006
24,1,False,2,2,6,103.50216500000012
24,1,False,2,2,7,94.94914700000011
24,1,False,2,2,8,111.91169300000007
24,1,False,2,2,9,105.19180600000013
24,1,False,2,2,10,102.8852950000001
24,1,False,2,2,11,101.71068900000012
24,1,False,2,2,12,89.65965900000005
24,1,False,2,2,13,109.18059600000004
24,1,False,2,2,14,96.32126300000006
24,1,False,2,2,15,103.03526700000013
24,1,False,2,2,16,104.6971430000001
24,1,False,2,2,17,110.37427700000012
24,1,False,2,2,18,113.02822600000009
24,1,False,2,2,19,95.47073600000004
24,1,False,2,2,20,99.55113400000016
24,1,False,2,2,21,104.64878900000002
24,1,False,2,2,22,101.24825300000012
24,1,False,2,2,23,90.705749
24,3,False,2,2,0,2413.88185799998
24,3,False,2,2,1,85.53317800000008
24,3,False,2,2,2,85.17816600000005
24,3,False,2,2,3,84.75541000000007
24,3,False,2,2,4,90.72485800000003
24,3,False,2,2,5,80.71926400000008
24,3,False,2,2,6,100.75832199999996
24,3,False,2,2,7,100.24940900000006
24,3,False,2,2,8,103.32800200000007
24,3,False,2,2,9,102.42735200000013
24,3,False,2,2,10,94.72159600000009
24,3,False,2,2,11,101.21335199999999
24,3,False,2,2,12,89.42503300000004
24,3,False,2,2,13,108.97132400000005
24,3,False,2,2,14,92.40907900000003
24,3,False,2,2,15,109.70572300000003
24,3,False,2,2,16,96.55317000000011
24,3,False,2,2,17,105.50843900000011
24,3,False,2,2,18,113.69711000000011
24,3,False,2,2,19,94.25503700000016
24,3,False,2,2,20,105.07541900000005
24,3,False,2,2,21,96.32545200000001
24,3,False,2,2,22,98.7312400000001
24,3,False,2,2,23,90.81598700000006
24,5,True,2,2,0,2470.069176999998
24,5,True,2,2,1,95.30901300000001
24,5,True,2,2,2,81.32911500000007
24,5,True,2,2,3,93.79655499999998
24,5,True,2,2,4,85.59272100000004
24,5,True,2,2,5,95.69703400000002
24,5,True,2,2,6,93.76374900000005
24,5,True,2,2,7,101.42321600000015
24,5,True,2,2,8,99.40155900000012
24,5,True,2,2,9,107.38719600000009
24,5,True,2,2,10,95.13863299999997
24,5,True,2,2,11,107.29309400000018
24,5,True,2,2,12,100.32335900000012
24,5,True,2,2,13,103.34450000000007
24,5,True,2,2,14,102.39455700000005
24,5,True,2,2,15,111.9868110000001
24,5,True,2,2,16,105.28921400000011
24,5,True,2,2,17,106.4804100000001
24,5,True,2,2,18,109.29548500000011
24,5,True,2,2,19,102.9595180000001
24,5,True,2,2,20,103.87213800000015
24,5,True,2,2,21,101.01026800000002
24,5,True,2,2,22,97.68659600000011
24,5,True,2,2,23,91.83802800000004
25,2,False,2,2,0,2515.0791349999904
25,2,False,2,2,1,96.18005100000002
25,2,False,2,2,2,85.98233000000005
25,2,False,2,2,3,88.2324290000001
25,2,False,2,2,4,93.50275900000007
25,2,False,2,2,5,84.7836480000001
25,2,False,2,2,6,102.66184300000006
25,2,False,2,2,7,103.92546800000012
25,2,False,2,2,8,117.70767400000013
25,2,False,2,2,9,100.02751900000014
25,2,False,2,2,10,115.15250600000013
25,2,False,2,2,11,94.09370200000014
25,2,False,2,2,12,101.55751600000002
25,2,False,2,2,13,102.27971700000006
25,2,False,2,2,14,105.3235520000001
25,2,False,2,2,15,110.18714800000005
25,2,False,2,2,16,104.29238000000012
25,2,False,2,2,17,108.26655000000015
25,2,False,2,2,18,118.75028400000012
25,2,False,2,2,19,96.3556220000001
25,2,False,2,2,20,110.69201100000011
25,2,False,2,2,21,102.2522310000001
25,2,False,2,2,22,107.4667490000001
25,2,False,2,2,23,86.31121599999999
25,4,False,2,2,0,2367.914982999984
25,4,False,2,2,1,91.41769500000002
25,4,False,2,2,2,78.47013100000004
25,4,False,2,2,3,91.56305400000001
25,4,False,2,2,4,86.16406800000003
25,4,False,2,2,5,85.26978200000005
25,4,False,2,2,6,95.13071400000005
25,4,False,2,2,7,101.08258699999998
25,4,False,2,2,8,98.60481000000004
25,4,False,2,2,9,99.8975080000001
25,4,False,2,2,10,103.34124200000011
25,4,False,2,2,11,87.6326870000001
25,4,False,2,2,12,95.06308300000009
25,4,False,2,2,13,99.97468100000017
25,4,False,2,2,14,99.49202700000009
25,4,False,2,2,15,103.48985700000014
25,4,False,2,2,16,103.58086700000008
25,4,False,2,2,17,109.39757000000014
25,4,False,2,2,18,97.33451800000017
25,4,False,2,2,19,96.1943970000001
25,4,False,2,2,20,101.7413810000001
25,4,False,2,2,21,87.95844000000002
25,4,False,2,2,22,102.49718200000011
25,4,False,2,2,23,86.07040800000004
25,6,True,2,2,0,2437.9594549999842
25,6,True,2,2,1,87.28566800000007
25,6,True,2,2,2,91.44885000000006
25,6,True,2,2,3,75.81778200000007
25,6,True,2,2,4,89.56322700000008
25,6,True,2,2,5,85.35647800000007
25,6,True,2,2,6,100.86045800000008
25,6,True,2,2,7,97.56410600000008
25,6,True,2,2,8,100.27570600000013
25,6,True,2,2,9,101.98286800000014
25,6,True,2,2,10,108.47814000000011
25,6,True,2,2,11,107.0517160000001
25,6,True,2,2,12,101.47502800000011
25,6,True,2,2,13,104.20071500000012
25,6,True,2,2,14,104.3558280000001
25,6,True,2,2,15,111.86741100000008
25,6,True,2,2,16,106.41251100000011
25,6,True,2,2,17,99.70367100000013
25,6,True,2,2,18,101.9526230000001
25,6,True,2,2,19,103.28316100000022
25,6,True,2,2,20,95.53245400000014
25,6,True,2,2,21,100.41018800000012
25,6,True,2,2,22,96.27822200000007
25,6,True,2,2,23,88.98652800000009
26,0,False,2,2,0,2467.1377930000003
26,0,False,2,2,1,92.99460200000007
26,0,False,2,2,2,82.52701700000006
26,0,False,2,2,3,80.91545100000003
26,0,False,2,2,4,81.97578400000005
26,0,False,2,2,5,83.28696700000013
26,0,False,2,2,6,99.65215100000007
26,0,False,2,2,7,101.51462600000004
26,0,False,2,2,8,107.38356500000002
26,0,False,2,2,9,107.41133900000005
26,0,False,2,2,10,114.09498900000007
26,0,False,2,2,11,99.82135100000008
26,0,False,2,2,12,108.02149500000004
26,0,False,2,2,13,114.51542500000014
26,0,False,2,2,14,100.57572100000009
26,0,False,2,2,15,112.50154300000007
26,0,False,2,2,16,104.45065199999999
26,0,False,2,2,17,104.98129200000015
26,0,False,2,2,18,105.17054100000016
26,0,False,2,2,19,107.35484000000015
26,0,False,2,2,20,104.88845300000018
26,0,False,2,2,21,90.68359500000007
26,0,False,2,2,22,108.41311300000008
26,0,False,2,2,23,89.82760100000002
26,3,False,2,2,0,2532.7822029999816
26,3,False,2,2,1,89.037153
26,3,False,2,2,2,96.19678300000008
26,3,False,2,2,3,87.48596100000006
26,3,False,2,2,4,86.72486700000002
26,3,False,2,2,5,90.67071800000002
26,3,False,2,2,6,99.46003499999999
26,3,False,2,2,7,111.7466310000001
26,3,False,2,2,8,100.86106700000006
26,3,False,2,2,9,116.19305700000004
26,3,False,2,2,10,106.4176930000001
26,3,False,2,2,11,100.8977160000001
26,3,False,2,2,12,102.29807300000004
26,3,False,2,2,13,96.09516700000003
26,3,False,2,2,14,108.43012300000017
26,3,False,2,2,15,100.6749420000001
26,3,False,2,2,16,107.72155000000008
26,3,False,2,2,17,107.60184900000013
26,3,False,2,2,18,110.51362000000013
26,3,False,2,2,19,109.08755900000014
26,3,False,2,2,20,104.15365100000008
26,3,False,2,2,21,110.15682000000012
26,3,False,2,2,22,94.44428700000005
26,3,False,2,2,23,102.10198499999997
26,5,True,2,2,0,2353.99678599999
26,5,True,2,2,1,81.68771200000002
26,5,True,2,2,2,87.59945400000001
26,5,True,2,2,3,73.36396499999998
26,5,True,2,2,4,85.34561000000004
26,5,True,2,2,5,82.22762500000005
26,5,True,2,2,6,91.34554500000009
26,5,True,2,2,7,91.97778400000007
26,5,True,2,2,8,93.7647240000001
26,5,True,2,2,9,96.15989800000006
26,5,True,2,2,10,97.90387300000009
26,5,True,2,2,11,93.27713300000009
26,5,True,2,2,12,98.18329700000008
26,5,True,2,2,13,102.35510500000011
26,5,True,2,2,14,103.59433300000006
26,5,True,2,2,15,103.7810350000001
26,5,True,2,2,16,106.01808600000014
26,5,True,2,2,17,109.81789000000006
26,5,True,2,2,18,97.63621000000013
26,5,True,2,2,19,107.91213400000011
26,5,True,2,2,20,96.96784400000004
26,5,True,2,2,21,99.92305500000006
26,5,True,2,2,22,95.7773970000001
26,5,True,2,2,23,97.3755590000001
27,1,False,2,2,0,2555.4639889999976
27,1,False,2,2,1,93.37285999999999
27,1,False,2,2,2,87.704005
27,1,False,2,2,3,91.16582700000001
27,1,False,2,2,4,79.15016700000002
27,1,False,2,2,5,93.56609600000004
27,1,False,2,2,6,96.17307600000004
27,1,False,2,2,7,111.87277900000008
27,1,False,2,2,8,107.85757300000009
27,1,False,2,2,9,109.45422900000008
27,1,False,2,2,10,108.92699600000013
27,1,False,2,2,11,105.25527500000011
27,1,False,2,2,12,109.6078540000001
27,1,False,2,2,13,102.05617800000013
27,1,False,2,2,14,112.54291700000002
27,1,False,2,2,15,108.3753090000001
27,1,False,2,2,16,108.70194000000014
27,1,False,2,2,17,110.60108700000015
27,1,False,2,2,18,118.77009600000008
27,1,False,2,2,19,114.68960000000007
27,1,False,2,2,20,94.72243200000008
27,1,False,2,2,21,111.29687299999996
27,1,False,2,2,22,102.7307410000001
27,1,False,2,2,23,98.43879900000012
27,4,False,2,2,0,2532.2701609999835
27,4,False,2,2,1,96.45151000000001
27,4,False,2,2,2,82.940154
27,4,False,2,2,3,96.56845000000003
27,4,False,2,2,4,86.59517100000004
27,4,False,2,2,5,85.23222900000003
27,4,False,2,2,6,105.21402600000015
27,4,False,2,2,7,104.18901000000005
27,4,False,2,2,8,115.2360370000001
27,4,False,2,2,9,101.00435100000013
27,4,False,2,2,10,114.5597940000001
27,4,False,2,2,11,95.47519600000005
27,4,False,2,2,12,101.19824600000003
27,4,False,2,2,13,112.94042400000009
27,4,False,2,2,14,101.85952800000011
27,4,False,2,2,15,114.32149400000006
27,4,False,2,2,16,103.83743800000009
27,4,False,2,2,17,117.02390400000017
27,4,False,2,2,18,112.66786000000006
27,4,False,2,2,19,96.74088500000006
27,4,False,2,2,20,113.5915260000001
27,4,False,2,2,21,102.59352899999998
27,4,False,2,2,22,108.72433300000006
27,4,False,2,2,23,87.55474000000005
27,6,True,2,2,0,2283.3527579999886
27,6,True,2,2,1,92.92008900000005
27,6,True,2,2,2,83.05439499999997
27,6,True,2,2,3,84.02879300000004
27,6,True,2,2,4,83.56887100000003
27,6,True,2,2,5,84.8895000000001
27,6,True,2,2,6,91.86625900000008
27,6,True,2,2,7,97.4383600000001
27,6,True,2,2,8,85.56172000000004
27,6,True,2,2,9,102.82425500000012
27,6,True,2,2,10,84.49374599999997
27,6,True,2,2,11,94.46096600000013
27,6,True,2,2,12,91.26668700000003
27,6,True,2,2,13,95.15388700000007
27,6,True,2,2,14,96.14801700000005
27,6,True,2,2,15,96.40464300000009
27,6,True,2,2,16,98.08246500000008
27,6,True,2,2,17,98.05404400000005
27,6,True,2,2,18,103.40082400000006
27,6,True,2,2,19,89.55775399999999
27,6,True,2,2,20,98.60043600000013
27,6,True,2,2,21,95.3066010000001
27,6,True,2,2,22,92.01210799999998
27,6,True,2,2,23,87.153192
28,0,False,2,2,0,2353.465349999982
28,0,False,2,2,1,80.30323800000006
28,0,False,2,2,2,87.59186500000006
28,0,False,2,2,3,73.12718200000003
28,0,False,2,2,4,84.96810100000002
28,0,False,2,2,5,83.18756900000004
28,0,False,2,2,6,90.74201000000004
28,0,False,2,2,7,99.63105300000001
28,0,False,2,2,8,103.42288800000006
28,0,False,2,2,9,97.97931100000001
28,0,False,2,2,10,106.56952000000005
28,0,False,2,2,11,90.1275280000001
28,0,False,2,2,12,104.11256799999994
28,0,False,2,2,13,93.22012700000012
28,0,False,2,2,14,107.13849400000007
28,0,False,2,2,15,102.22193200000015
28,0,False,2,2,16,96.10412
28,0,False,2,2,17,107.98995000000008
28,0,False,2,2,18,103.48595400000008
28,0,False,2,2,19,96.16462099999994
28,0,False,2,2,20,97.03675000000005
28,0,False,2,2,21,94.00863699999998
28,0,False,2,2,22,95.52285100000002
28,0,False,2,2,23,96.91639300000001
28,2,False,2,2,0,2581.0484400000064
28,2,False,2,2,1,87.60753899999997
28,2,False,2,2,2,94.39116799999996
28,2,False,2,2,3,86.63422099999998
28,2,False,2,2,4,85.51521900000003
28,2,False,2,2,5,89.37238899999996
28,2,False,2,2,6,103.91534900000006
28,2,False,2,2,7,105.82316599999997
28,2,False,2,2,8,111.37317700000014
28,2,False,2,2,9,117.2646480000002
28,2,False,2,2,10,104.75495500000011
28,2,False,2,2,11,112.93189700000012
28,2,False,2,2,12,105.86536000000011
28,2,False,2,2,13,106.47557300000013
28,2,False,2,2,14,110.36240800000016
28,2,False,2,2,15,111.37149400000008
28,2,False,2,2,16,110.39723700000006
28,2,False,2,2,17,118.44054300000018
28,2,False,2,2,18,120.25137500000012
28,2,False,2,2,19,106.72566200000014
28,2,False,2,2,20,104.3213270000001
28,2,False,2,2,21,103.16665100000012
28,2,False,2,2,22,109.91932400000007
28,2,False,2,2,23,98.1282220000001
28,5,True,2,2,0,2454.6501899999985
28,5,True,2,2,1,96.57512800000003
28,5,True,2,2,2,86.81764700000004
28,5,True,2,2,3,86.80614499999999
28,5,True,2,2,4,86.62708000000002
28,5,True,2,2,5,95.46693200000001
28,5,True,2,2,6,85.90337500000005
28,5,True,2,2,7,97.9515340000001
28,5,True,2,2,8,106.18215000000009
28,5,True,2,2,9,98.0617750000001
28,5,True,2,2,10,109.65965400000005
28,5,True,2,2,11,99.65162200000013
28,5,True,2,2,12,99.36534400000006
28,5,True,2,2,13,104.37811899999998
28,5,True,2,2,14,97.93777200000005
28,5,True,2,2,15,111.5206020000001
28,5,True,2,2,16,105.56096400000007
28,5,True,2,2,17,104.62222200000014
28,5,True,2,2,18,103.67816100000015
28,5,True,2,2,19,106.865878
28,5,True,2,2,20,93.46393800000007
28,5,True,2,2,21,101.74231300000005
28,5,True,2,2,22,105.09472600000008
28,5,True,2,2,23,94.90574900000006
29,1,False,2,2,0,2401.7975589999837
29,1,False,2,2,1,92.40008700000001
29,1,False,2,2,2,89.38894500000004
29,1,False,2,2,3,86.58356699999999
29,1,False,2,2,4,85.02228400000001
29,1,False,2,2,5,80.69376600000004
29,1,False,2,2,6,103.21645099999998
29,1,False,2,2,7,101.72764700000016
29,1,False,2,2,8,102.47048900000011
29,1,False,2,2,9,104.5174560000001
29,1,False,2,2,10,99.26232500000003
29,1,False,2,2,11,97.7195440000001
29,1,False,2,2,12,94.24593200000002
29,1,False,2,2,13,94.89105100000008
29,1,False,2,2,14,101.23568000000003
29,1,False,2,2,15,108.12608100000008
29,1,False,2,2,16,99.60911300000001
29,1,False,2,2,17,112.46832600000013
29,1,False,2,2,18,102.25973900000012
29,1,False,2,2,19,110.75777700000017
29,1,False,2,2,20,99.44892600000003
29,1,False,2,2,21,98.11356000000015
29,1,False,2,2,22,99.57471900000007
29,1,False,2,2,23,84.19629800000004
29,3,False,2,2,0,2575.3979099999956
29,3,False,2,2,1,90.56935000000004
29,3,False,2,2,2,97.84422600000012
29,3,False,2,2,3,92.96014200000002
29,3,False,2,2,4,84.02890000000004
29,3,False,2,2,5,89.58432700000003
29,3,False,2,2,6,96.71292699999997
29,3,False,2,2,7,114.09314900000012
29,3,False,2,2,8,109.46314400000017
29,3,False,2,2,9,109.36180399999996
29,3,False,2,2,10,105.99410900000007
29,3,False,2,2,11,111.89404000000009
29,3,False,2,2,12,97.13601200000011
29,3,False,2,2,13,115.00717800000005
29,3,False,2,2,14,110.23404900000007
29,3,False,2,2,15,111.13957500000004
29,3,False,2,2,16,109.92083700000005
29,3,False,2,2,17,122.25201900000008
29,3,False,2,2,18,110.63244000000016
29,3,False,2,2,19,108.59858600000008
29,3,False,2,2,20,109.55959100000017
29,3,False,2,2,21,102.98941500000014
29,3,False,2,2,22,100.05145200000005
29,3,False,2,2,23,93.82972200000003
29,6,True,2,2,0,2333.1269749999874
29,6,True,2,2,1,86.946349
29,6,True,2,2,2,93.70560900000007
29,6,True,2,2,3,85.0791450000001
29,6,True,2,2,4,76.35672000000001
29,6,True,2,2,5,92.11731900000001
29,6,True,2,2,6,95.23232200000005
29,6,True,2,2,7,97.37611300000007
29,6,True,2,2,8,104.8010000000001
29,6,True,2,2,9,106.82128300000005
29,6,True,2,2,10,95.1499630000001
29,6,True,2,2,11,94.83988600000012
29,6,True,2,2,12,98.99146600000012
29,6,True,2,2,13,87.76934200000005
29,6,True,2,2,14,103.0226180000001
29,6,True,2,2,15,88.14135200000001
29,6,True,2,2,16,98.36299500000007
29,6,True,2,2,17,105.54527200000014
29,6,True,2,2,18,101.34709300000013
29,6,True,2,2,19,86.65324599999998
29,6,True,2,2,20,98.39608500000013
29,6,True,2,2,21,92.60852700000012
29,6,True,2,2,22,96.76848700000004
29,6,True,2,2,23,78.00812300000003
30,0,False,2,2,0,2271.823406999982
30,0,False,2,2,1,88.32752900000007
30,0,False,2,2,2,83.37432200000003
30,0,False,2,2,3,82.934967
30,0,False,2,2,4,80.953802
30,0,False,2,2,5,81.35999699999996
30,0,False,2,2,6,98.5434890000001
30,0,False,2,2,7,88.96663600000004
30,0,False,2,2,8,102.22765600000004
30,0,False,2,2,9,96.0290380000001
30,0,False,2,2,10,89.78602600000009
30,0,False,2,2,11,98.10479000000007
30,0,False,2,2,12,86.00011700000005
30,0,False,2,2,13,102.00331200000001
30,0,False,2,2,14,93.63191300000011
30,0,False,2,2,15,97.49939700000006
30,0,False,2,2,16,105.11423000000012
30,0,False,2,2,17,90.93293300000012
30,0,False,2,2,18,94.97824100000007
30,0,False,2,2,19,99.14420000000008
30,0,False,2,2,20,91.3389470000001
30,0,False,2,2,21,87.9957080000001
30,0,False,2,2,22,89.63093300000001
30,0,False,2,2,23,83.09586000000003
30,2,False,2,2,0,2432.807584999994
30,2,False,2,2,1,86.82100800000005
30,2,False,2,2,2,88.066843
30,2,False,2,2,3,88.40588900000006
30,2,False,2,2,4,93.23773299999998
30,2,False,2,2,5,81.64359900000001
30,2,False,2,2,6,101.514522
30,2,False,2,2,7,94.25803400000005
30,2,False,2,2,8,111.21054100000006
30,2,False,2,2,9,93.969262
30,2,False,2,2,10,99.49291600000002
30,2,False,2,2,11,99.47227400000006
30,2,False,2,2,12,94.52740600000003
30,2,False,2,2,13,99.04811000000016
30,2,False,2,2,14,101.0651170000001
30,2,False,2,2,15,96.71457000000007
30,2,False,2,2,16,110.75281900000009
30,2,False,2,2,17,106.30658400000004
30,2,False,2,2,18,106.88891700000013
30,2,False,2,2,19,101.68142800000011
30,2,False,2,2,20,99.9884280000001
30,2,False,2,2,21,98.18020300000005
30,2,False,2,2,22,96.844031
30,2,False,2,2,23,94.00805500000001
30,4,False,2,2,0,2527.6201919999953
30,4,False,2,2,1,88.81164500000001
30,4,False,2,2,2,95.27536300000004
30,4,False,2,2,3,81.61814199999999
30,4,False,2,2,4,90.62121700000002
30,4,False,2,2,5,88.02061399999997
30,4,False,2,2,6,108.83241700000009
30,4,False,2,2,7,97.61942100000012
30,4,False,2,2,8,118.10132900000009
30,4,False,2,2,9,118.40713500000011
30,4,False,2,2,10,102.64576500000004
30,4,False,2,2,11,112.01889700000008
30,4,False,2,2,12,102.33855900000009
30,4,False,2,2,13,103.30241400000008
30,4,False,2,2,14,104.61483200000005
30,4,False,2,2,15,102.30812400000008
30,4,False,2,2,16,107.42546500000012
30,4,False,2,2,17,113.40122400000004
30,4,False,2,2,18,107.00234900000021
30,4,False,2,2,19,101.9302610000001
30,4,False,2,2,20,100.8389090000001
30,4,False,2,2,21,101.89732700000006
30,4,False,2,2,22,99.70593100000004
30,4,False,2,2,23,87.667462
31,3,False,2,2,0,2277.5838109999963
31,3,False,2,2,1,79.83379099999999
31,3,False,2,2,2,92.26369000000008
31,3,False,2,2,3,76.478772
31,3,False,2,2,4,90.25557000000003
31,3,False,2,2,5,85.73419300000006
31,3,False,2,2,6,95.51179
31,3,False,2,2,7,100.69580500000004
31,3,False,2,2,8,98.94449900000004
31,3,False,2,2,9,97.13000399999999
31,3,False,2,2,10,89.96692800000005
31,3,False,2,2,11,97.67082500000002
31,3,False,2,2,12,83.83359200000007
31,3,False,2,2,13,101.25062300000006
31,3,False,2,2,14,87.98299200000007
31,3,False,2,2,15,102.33044800000009
31,3,False,2,2,16,92.0931680000001
31,3,False,2,2,17,101.85417800000009
31,3,False,2,2,18,103.30660000000003
31,3,False,2,2,19,97.87411600000003
31,3,False,2,2,20,100.17819600000004
31,3,False,2,2,21,90.56941400000002
31,3,False,2,2,22,99.711989
31,3,False,2,2,23,83.31285400000002
31,5,True,2,2,0,2413.292914999985
31,5,True,2,2,1,91.568476
31,5,True,2,2,2,81.75070300000012
31,5,True,2,2,3,91.09780899999996
31,5,True,2,2,4,74.73442600000003
31,5,True,2,2,5,90.04418200000002
31,5,True,2,2,6,88.40089700000001
31,5,True,2,2,7,100.42838300000005
31,5,True,2,2,8,89.23247100000002
31,5,True,2,2,9,103.54915200000009
31,5,True,2,2,10,99.54487600000009
31,5,True,2,2,11,98.01401000000011
31,5,True,2,2,12,98.47011700000006
31,5,True,2,2,13,108.73572599999999
31,5,True,2,2,14,103.563042
31,5,True,2,2,15,104.21463700000008
31,5,True,2,2,16,107.13067399999998
31,5,True,2,2,17,110.86498900000005
31,5,True,2,2,18,105.37285800000006
31,5,True,2,2,19,99.13307200000007
31,5,True,2,2,20,97.5769640000001
31,5,True,2,2,21,101.78437700000013
31,5,True,2,2,22,96.67721800000002
31,5,True,2,2,23,98.41046200000001
