日期,小时,用电负荷
2019-08-01,00:00,85.935922
2019-08-01,01:00,79.44818100000005
2019-08-01,02:00,82.83567100000003
2019-08-01,03:00,72.06874300000005
2019-08-01,04:00,85.04074499999999
2019-08-01,05:00,77.52300500000001
2019-08-01,06:00,96.36065500000001
2019-08-01,07:00,86.24172600000001
2019-08-01,08:00,101.732957
2019-08-01,09:00,96.00473700000003
2019-08-01,10:00,102.31537900000012
2019-08-01,11:00,84.61576900000004
2019-08-01,12:00,99.18953400000005
2019-08-01,13:00,93.71747800000011
2019-08-01,14:00,104.33681000000018
2019-08-01,15:00,90.63146699999999
2019-08-01,16:00,101.71908200000009
2019-08-01,17:00,98.48214700000004
2019-08-01,18:00,103.97711200000008
2019-08-01,19:00,77.63999300000005
2019-08-01,20:00,74.4173120000001
2019-08-01,21:00,69.40658699999999
2019-08-01,22:00,72.42543300000001
2019-08-01,23:00,84.67073800000004
2019-08-02,00:00,80.42101900000004
2019-08-02,01:00,80.52687800000004
2019-08-02,02:00,83.82173000000006
2019-08-02,03:00,78.40081200000007
2019-08-02,04:00,85.92891900000005
2019-08-02,05:00,72.50103900000005
2019-08-02,06:00,95.70991000000002
2019-08-02,07:00,94.32626000000006
2019-08-02,08:00,103.69910700000001
2019-08-02,09:00,93.18077600000005
2019-08-02,10:00,101.18101300000009
2019-08-02,11:00,96.74090800000003
2019-08-02,12:00,92.92438900000013
2019-08-02,13:00,95.54528700000007
2019-08-02,14:00,104.45993500000007
2019-08-02,15:00,93.51502000000002
2019-08-02,16:00,106.40985500000015
2019-08-02,17:00,99.10300700000002
2019-08-02,18:00,100.34172800000009
2019-08-02,19:00,100.63955200000005
2019-08-02,20:00,84.0124130000001
2019-08-02,21:00,99.14306300000004
2019-08-02,22:00,90.21355200000005
2019-08-02,23:00,93.55390900000008
2019-08-03,00:00,77.210174
2019-08-03,01:00,85.36928000000005
2019-08-03,02:00,73.36716700000008
2019-08-03,03:00,82.84100900000001
2019-08-03,04:00,77.60498700000005
2019-08-03,05:00,85.54156000000005
2019-08-03,06:00,86.27639600000002
2019-08-03,07:00,91.37338900000009
2019-08-03,08:00,95.72342900000001
2019-08-03,09:00,98.31400400000007
2019-08-03,10:00,105.60658700000003
2019-08-03,11:00,97.39973500000008
2019-08-03,12:00,97.27657400000007
2019-08-03,13:00,102.22502000000006
2019-08-03,14:00,106.44419400000008
2019-08-03,15:00,104.62129900000006
2019-08-03,16:00,109.02332700000014
2019-08-03,17:00,93.28663800000005
2019-08-03,18:00,105.74638100000013
2019-08-03,19:00,95.38624300000005
2019-08-03,20:00,92.29623400000017
2019-08-03,21:00,102.43377200000009
2019-08-03,22:00,92.41575300000005
2019-08-03,23:00,94.94125800000003
2019-08-04,00:00,74.77215600000004
2019-08-04,01:00,86.10980600000005
2019-08-04,02:00,78.78543800000008
2019-08-04,03:00,86.00796500000007
2019-08-04,04:00,78.64508400000004
2019-08-04,05:00,79.57065100000004
2019-08-04,06:00,89.59627000000003
2019-08-04,07:00,90.27743700000003
2019-08-04,08:00,98.82398200000007
2019-08-04,09:00,94.83445200000008
2019-08-04,10:00,102.73294000000006
2019-08-04,11:00,88.57689900000007
2019-08-04,12:00,96.12549599999997
2019-08-04,13:00,104.29594900000008
2019-08-04,14:00,101.73750800000008
2019-08-04,15:00,98.0984400000001
2019-08-04,16:00,102.45400200000007
2019-08-04,17:00,105.49382000000007
2019-08-04,18:00,99.86629500000011
2019-08-04,19:00,95.8718770000001
2019-08-04,20:00,94.38234000000007
2019-08-04,21:00,102.10703800000002
2019-08-04,22:00,95.34397400000006
2019-08-04,23:00,96.230001
2019-08-05,00:00,83.24201500000005
2019-08-05,01:00,83.48710600000004
2019-08-05,02:00,82.97384100000004
2019-08-05,03:00,88.68151599999999
2019-08-05,04:00,78.63043400000006
2019-08-05,05:00,91.81084000000008
2019-08-05,06:00,87.18062900000007
2019-08-05,07:00,110.02882200000006
2019-08-05,08:00,109.44529600000006
2019-08-05,09:00,110.84981300000004
2019-08-05,10:00,109.07721700000015
2019-08-05,11:00,112.42074100000004
2019-08-05,12:00,97.82204500000005
2019-08-05,13:00,109.68846100000005
2019-08-05,14:00,110.56268500000009
2019-08-05,15:00,101.16447500000014
2019-08-05,16:00,116.19134800000003
2019-08-05,17:00,107.43287500000005
2019-08-05,18:00,118.74526100000004
2019-08-05,19:00,107.24890700000012
2019-08-05,20:00,102.7323220000001
2019-08-05,21:00,103.58054900000015
2019-08-05,22:00,105.84661500000013
2019-08-05,23:00,95.46547000000005
2019-08-06,00:00,87.63714100000001
2019-08-06,01:00,88.73398100000009
2019-08-06,02:00,95.20932000000008
2019-08-06,03:00,87.83043300000003
2019-08-06,04:00,89.82091700000002
2019-08-06,05:00,88.61341500000002
2019-08-06,06:00,94.6528220000001
2019-08-06,07:00,105.2487580000001
2019-08-06,08:00,115.58284200000007
2019-08-06,09:00,109.99788600000011
2019-08-06,10:00,108.04602200000012
2019-08-06,11:00,104.2323780000001
2019-08-06,12:00,109.0158750000001
2019-08-06,13:00,99.52462400000014
2019-08-06,14:00,106.16946700000013
2019-08-06,15:00,102.4111230000001
2019-08-06,16:00,115.20366300000009
2019-08-06,17:00,109.77478800000007
2019-08-06,18:00,111.07763200000015
2019-08-06,19:00,105.10857500000009
2019-08-06,20:00,110.0939640000001
2019-08-06,21:00,101.3969880000001
2019-08-06,22:00,97.67868100000014
2019-08-06,23:00,100.16333100000013
2019-08-07,00:00,88.92164900000006
2019-08-07,01:00,86.11926400000003
2019-08-07,02:00,89.35429800000006
2019-08-07,03:00,93.09669700000003
2019-08-07,04:00,92.56979600000003
2019-08-07,05:00,79.54386100000009
2019-08-07,06:00,103.57216000000003
2019-08-07,07:00,104.40164400000012
2019-08-07,08:00,109.28589600000011
2019-08-07,09:00,112.28103800000008
2019-08-07,10:00,113.50236400000014
2019-08-07,11:00,100.45599600000011
2019-08-07,12:00,108.80396600000012
2019-08-07,13:00,107.04710400000008
2019-08-07,14:00,108.06733700000008
2019-08-07,15:00,117.24128600000016
2019-08-07,16:00,104.01537200000018
2019-08-07,17:00,111.81167700000009
2019-08-07,18:00,112.74095300000013
2019-08-07,19:00,106.56480700000009
2019-08-07,20:00,103.58632500000012
2019-08-07,21:00,105.99949300000004
2019-08-07,22:00,102.57692300000006
2019-08-07,23:00,93.86426600000011
2019-08-08,00:00,93.87298100000004
2019-08-08,01:00,87.19850400000004
2019-08-08,02:00,88.52512000000004
2019-08-08,03:00,92.41027400000009
2019-08-08,04:00,86.268391
2019-08-08,05:00,93.20351800000012
2019-08-08,06:00,85.11015300000005
2019-08-08,07:00,108.54952200000005
2019-08-08,08:00,109.6811550000001
2019-08-08,09:00,108.97945900000008
2019-08-08,10:00,108.96288900000009
2019-08-08,11:00,103.75229700000014
2019-08-08,12:00,110.9128860000001
2019-08-08,13:00,99.47447600000012
2019-08-08,14:00,117.867961
2019-08-08,15:00,106.98501400000018
2019-08-08,16:00,113.8988210000001
2019-08-08,17:00,109.90397500000009
2019-08-08,18:00,117.98379300000015
2019-08-08,19:00,99.16307200000014
2019-08-08,20:00,110.8212270000001
2019-08-08,21:00,107.69924600000006
2019-08-08,22:00,96.75097800000003
2019-08-08,23:00,99.07931700000006
2019-08-09,00:00,98.67627900000011
2019-08-09,01:00,88.52641000000006
2019-08-09,02:00,89.88983300000001
2019-08-09,03:00,86.21517999999993
2019-08-09,04:00,94.52311399999998
2019-08-09,05:00,86.25479200000002
2019-08-09,06:00,95.400453
2019-08-09,07:00,114.14784200000007
2019-08-09,08:00,110.27210600000012
2019-08-09,09:00,112.05485600000004
2019-08-09,10:00,116.82360400000012
2019-08-09,11:00,98.87305800000014
2019-08-09,12:00,111.90258200000004
2019-08-09,13:00,109.02407800000012
2019-08-09,14:00,111.09139000000003
2019-08-09,15:00,111.52269600000014
2019-08-09,16:00,110.11000000000008
2019-08-09,17:00,121.8231030000002
2019-08-09,18:00,111.36734500000014
2019-08-09,19:00,116.91482800000006
2019-08-09,20:00,86.04731000000007
2019-08-09,21:00,87.9181300000001
2019-08-09,22:00,85.02803700000008
2019-08-09,23:00,103.78369700000007
2019-08-10,00:00,85.30862600000006
2019-08-10,01:00,95.61145700000004
2019-08-10,02:00,90.24951400000005
2019-08-10,03:00,94.73791900000006
2019-08-10,04:00,92.54269799999994
2019-08-10,05:00,82.66989500000008
2019-08-10,06:00,101.14292200000004
2019-08-10,07:00,105.3427590000001
2019-08-10,08:00,97.81115100000007
2019-08-10,09:00,114.37608200000003
2019-08-10,10:00,105.90842000000006
2019-08-10,11:00,103.1005190000001
2019-08-10,12:00,109.99286200000009
2019-08-10,13:00,108.02538100000015
2019-08-10,14:00,107.65442300000011
2019-08-10,15:00,110.39883900000014
2019-08-10,16:00,116.60758100000007
2019-08-10,17:00,111.36254900000006
2019-08-10,18:00,109.22217399999997
2019-08-10,19:00,111.3694800000001
2019-08-10,20:00,109.63604500000007
2019-08-10,21:00,94.72522600000002
2019-08-10,22:00,107.70489900000007
2019-08-10,23:00,102.97485300000014
2019-08-11,00:00,89.04569900000007
2019-08-11,01:00,89.45580300000012
2019-08-11,02:00,94.86352500000002
2019-08-11,03:00,86.91233899999996
2019-08-11,04:00,92.57027299999994
2019-08-11,05:00,79.78507300000004
2019-08-11,06:00,92.68965500000006
2019-08-11,07:00,100.86263900000013
2019-08-11,08:00,98.3430300000001
2019-08-11,09:00,99.71622500000007
2019-08-11,10:00,98.83167300000012
2019-08-11,11:00,105.57623200000012
2019-08-11,12:00,99.11456300000006
2019-08-11,13:00,98.3485450000001
2019-08-11,14:00,104.41339100000012
2019-08-11,15:00,90.59133300000005
2019-08-11,16:00,107.70340400000009
2019-08-11,17:00,102.0894550000001
2019-08-11,18:00,108.22507000000007
2019-08-11,19:00,99.43941000000011
2019-08-11,20:00,96.04156900000014
2019-08-11,21:00,104.71406200000006
2019-08-11,22:00,97.36822000000006
2019-08-11,23:00,93.77529000000003
2019-08-12,00:00,87.20549100000005
2019-08-12,01:00,88.96397800000005
2019-08-12,02:00,81.82749400000003
2019-08-12,03:00,76.77688400000001
2019-08-12,04:00,86.95515600000006
2019-08-12,05:00,83.69452599999998
2019-08-12,06:00,101.95143800000008
2019-08-12,07:00,102.45721000000005
2019-08-12,08:00,118.94783500000017
2019-08-12,09:00,108.73184500000009
2019-08-12,10:00,115.50972400000012
2019-08-12,11:00,100.23170100000009
2019-08-12,12:00,104.25216300000008
2019-08-12,13:00,115.24274000000014
2019-08-12,14:00,111.0516310000001
2019-08-12,15:00,107.4420870000001
2019-08-12,16:00,114.43312400000012
2019-08-12,17:00,113.42274300000003
2019-08-12,18:00,122.84727300000009
2019-08-12,19:00,106.5924950000002
2019-08-12,20:00,113.55806400000006
2019-08-12,21:00,104.3688440000001
2019-08-12,22:00,108.76662100000007
2019-08-12,23:00,96.34567400000012
2019-08-13,00:00,90.21092200000002
2019-08-13,01:00,92.03485799999999
2019-08-13,02:00,88.107308
2019-08-13,03:00,97.4178070000001
2019-08-13,04:00,85.92745000000008
2019-08-13,05:00,95.76951000000012
2019-08-13,06:00,98.88786000000015
2019-08-13,07:00,104.6170680000001
2019-08-13,08:00,119.90613700000011
2019-08-13,09:00,110.62430200000011
2019-08-13,10:00,108.84904700000011
2019-08-13,11:00,106.98117500000006
2019-08-13,12:00,104.1580360000001
2019-08-13,13:00,114.61887900000015
2019-08-13,14:00,103.99846300000016
2019-08-13,15:00,117.53783900000009
2019-08-13,16:00,111.43699100000013
2019-08-13,17:00,114.22010400000002
2019-08-13,18:00,119.24336500000008
2019-08-13,19:00,109.02587600000014
2019-08-13,20:00,111.46777500000007
2019-08-13,21:00,103.89822599999998
2019-08-13,22:00,106.52350600000001
2019-08-13,23:00,94.39379200000006
2019-08-14,00:00,80.95420700000011
2019-08-14,01:00,95.47761700000012
2019-08-14,02:00,90.68537000000005
2019-08-14,03:00,93.31973800000007
2019-08-14,04:00,86.13746700000002
2019-08-14,05:00,93.68586500000004
2019-08-14,06:00,97.47802300000014
2019-08-14,07:00,104.89440100000009
2019-08-14,08:00,116.3366980000001
2019-08-14,09:00,108.86828000000011
2019-08-14,10:00,106.37934300000012
2019-08-14,11:00,106.59212900000007
2019-08-14,12:00,101.57280000000014
2019-08-14,13:00,110.7185880000001
2019-08-14,14:00,108.67194700000003
2019-08-14,15:00,102.27692100000006
2019-08-14,16:00,117.52238700000015
2019-08-14,17:00,111.36839200000006
2019-08-14,18:00,117.21215400000013
2019-08-14,19:00,105.04888500000017
2019-08-14,20:00,104.59570100000008
2019-08-14,21:00,107.48780800000007
2019-08-14,22:00,102.73094300000011
2019-08-14,23:00,99.34561300000009
2019-08-15,00:00,88.31061300000005
2019-08-15,01:00,95.22253800000003
2019-08-15,02:00,89.08241699999995
2019-08-15,03:00,84.85757800000002
2019-08-15,04:00,88.84846199999998
2019-08-15,05:00,87.05839300000004
2019-08-15,06:00,101.30743700000009
2019-08-15,07:00,92.546219
2019-08-15,08:00,105.60764100000003
2019-08-15,09:00,111.55021300000007
2019-08-15,10:00,102.06338800000005
2019-08-15,11:00,99.09154900000006
2019-08-15,12:00,97.41241700000006
2019-08-15,13:00,103.72373100000009
2019-08-15,14:00,107.9886560000001
2019-08-15,15:00,105.20758700000009
2019-08-15,16:00,105.7274380000001
2019-08-15,17:00,110.74882500000017
2019-08-15,18:00,100.47536100000006
2019-08-15,19:00,105.61790500000018
2019-08-15,20:00,98.09857600000014
2019-08-15,21:00,96.32664599999993
2019-08-15,22:00,102.13599199999997
2019-08-15,23:00,87.93669100000002
2019-08-16,00:00,89.33080900000002
2019-08-16,01:00,84.56997999999996
2019-08-16,02:00,91.97851200000004
2019-08-16,03:00,87.06180900000003
2019-08-16,04:00,76.44455099999999
2019-08-16,05:00,91.44733800000002
2019-08-16,06:00,97.85171700000011
2019-08-16,07:00,109.7758190000001
2019-08-16,08:00,108.87576999999999
2019-08-16,09:00,110.97942900000004
2019-08-16,10:00,107.23537400000005
2019-08-16,11:00,103.75907400000003
2019-08-16,12:00,101.10731400000006
2019-08-16,13:00,111.11582900000012
2019-08-16,14:00,96.83549000000009
2019-08-16,15:00,105.80397400000017
2019-08-16,16:00,117.13936400000016
2019-08-16,17:00,108.52561500000006
2019-08-16,18:00,117.40699500000004
2019-08-16,19:00,105.7059120000001
2019-08-16,20:00,99.03768300000017
2019-08-16,21:00,101.69608200000005
2019-08-16,22:00,100.78211900000005
2019-08-16,23:00,99.34869700000012
2019-08-17,00:00,87.02284600000003
2019-08-17,01:00,84.8476910000001
2019-08-17,02:00,93.98894500000011
2019-08-17,03:00,84.18651200000006
2019-08-17,04:00,85.09216700000005
2019-08-17,05:00,94.87283700000002
2019-08-17,06:00,92.20438900000003
2019-08-17,07:00,100.79931100000012
2019-08-17,08:00,102.12459100000007
2019-08-17,09:00,107.24431000000001
2019-08-17,10:00,113.03092400000014
2019-08-17,11:00,103.07192200000006
2019-08-17,12:00,109.19860500000003
2019-08-17,13:00,100.10745500000013
2019-08-17,14:00,107.39777500000005
2019-08-17,15:00,115.78549300000006
2019-08-17,16:00,109.48448500000009
2019-08-17,17:00,113.69858000000012
2019-08-17,18:00,105.48940200000007
2019-08-17,19:00,103.86343000000015
2019-08-17,20:00,107.27503300000006
2019-08-17,21:00,94.30520100000004
2019-08-17,22:00,106.60583300000015
2019-08-17,23:00,92.254733
2019-08-18,00:00,88.4953570000001
2019-08-18,01:00,93.04681700000003
2019-08-18,02:00,89.39335400000002
2019-08-18,03:00,86.275058
2019-08-18,04:00,90.32092900000002
2019-08-18,05:00,86.34597600000002
2019-08-18,06:00,94.23947399999999
2019-08-18,07:00,95.20780600000012
2019-08-18,08:00,101.62171500000007
2019-08-18,09:00,96.72118800000003
2019-08-18,10:00,99.80304200000016
2019-08-18,11:00,101.40279000000005
2019-08-18,12:00,91.72861900000002
2019-08-18,13:00,104.28425700000011
2019-08-18,14:00,98.70139300000004
2019-08-18,15:00,100.12449700000018
2019-08-18,16:00,108.8170790000001
2019-08-18,17:00,96.59563000000003
2019-08-18,18:00,105.81912800000019
2019-08-18,19:00,97.04395400000004
2019-08-18,20:00,90.89662000000008
2019-08-18,21:00,97.94553500000016
2019-08-18,22:00,94.51845099999996
2019-08-18,23:00,85.223131
2019-08-19,00:00,89.265669
2019-08-19,01:00,80.23316300000008
2019-08-19,02:00,90.068033
2019-08-19,03:00,80.73426700000005
2019-08-19,04:00,80.74611800000001
2019-08-19,05:00,86.96666700000004
2019-08-19,06:00,94.15555000000005
2019-08-19,07:00,96.24758400000002
2019-08-19,08:00,113.25438900000005
2019-08-19,09:00,109.25345700000014
2019-08-19,10:00,115.51899300000012
2019-08-19,11:00,104.74934200000008
2019-08-19,12:00,104.60178500000013
2019-08-19,13:00,105.17939000000013
2019-08-19,14:00,109.61909100000011
2019-08-19,15:00,108.36648900000004
2019-08-19,16:00,115.69605100000008
2019-08-19,17:00,114.03438000000017
2019-08-19,18:00,111.26000100000009
2019-08-19,19:00,106.91061800000001
2019-08-19,20:00,110.49194900000008
2019-08-19,21:00,104.62385300000004
2019-08-19,22:00,101.1925160000001
2019-08-19,23:00,100.0101550000001
2019-08-20,00:00,85.00425700000005
2019-08-20,01:00,94.68437300000001
2019-08-20,02:00,88.314041
2019-08-20,03:00,94.1104400000001
2019-08-20,04:00,86.29144899999996
2019-08-20,05:00,95.27827300000001
2019-08-20,06:00,97.27593200000005
2019-08-20,07:00,102.52133600000023
2019-08-20,08:00,106.02590500000007
2019-08-20,09:00,111.05275500000012
2019-08-20,10:00,112.28872300000012
2019-08-20,11:00,101.38883100000008
2019-08-20,12:00,108.57041700000009
2019-08-20,13:00,108.32084500000016
2019-08-20,14:00,105.96504500000012
2019-08-20,15:00,111.9576050000001
2019-08-20,16:00,111.51031000000009
2019-08-20,17:00,118.37054700000012
2019-08-20,18:00,104.92938100000006
2019-08-20,19:00,113.07405600000006
2019-08-20,20:00,104.48251000000013
2019-08-20,21:00,112.212477
2019-08-20,22:00,99.76633700000015
2019-08-20,23:00,99.80740999999999
2019-08-21,00:00,85.539325
2019-08-21,01:00,95.74051000000009
2019-08-21,02:00,88.36378600000002
2019-08-21,03:00,94.75646300000004
2019-08-21,04:00,85.58854200000005
2019-08-21,05:00,95.956826
2019-08-21,06:00,93.60330200000003
2019-08-21,07:00,110.21522300000012
2019-08-21,08:00,113.31840600000008
2019-08-21,09:00,116.435988
2019-08-21,10:00,105.32384700000017
2019-08-21,11:00,112.73438600000009
2019-08-21,12:00,103.83637400000009
2019-08-21,13:00,107.74608400000004
2019-08-21,14:00,110.77528600000011
2019-08-21,15:00,107.26519800000011
2019-08-21,16:00,111.24658500000004
2019-08-21,17:00,111.7033780000001
2019-08-21,18:00,121.35389700000012
2019-08-21,19:00,108.06263600000011
2019-08-21,20:00,115.08283500000009
2019-08-21,21:00,96.384177
2019-08-21,22:00,110.2685910000001
2019-08-21,23:00,96.45495000000004
2019-08-22,00:00,99.07425900000004
2019-08-22,01:00,89.25348400000001
2019-08-22,02:00,94.20943400000007
2019-08-22,03:00,84.58220599999999
2019-08-22,04:00,92.89619199999996
2019-08-22,05:00,90.88655000000004
2019-08-22,06:00,105.45553500000015
2019-08-22,07:00,107.4534570000001
2019-08-22,08:00,113.09149200000013
2019-08-22,09:00,113.47127900000012
2019-08-22,10:00,109.00510400000014
2019-08-22,11:00,108.25969400000021
2019-08-22,12:00,98.73939300000012
2019-08-22,13:00,111.55770000000008
2019-08-22,14:00,96.95264900000012
2019-08-22,15:00,111.90277800000017
2019-08-22,16:00,106.60746100000011
2019-08-22,17:00,115.4201520000001
2019-08-22,18:00,105.56123900000014
2019-08-22,19:00,113.15615500000003
2019-08-22,20:00,105.49046800000006
2019-08-22,21:00,108.43807900000003
2019-08-22,22:00,101.59893700000003
2019-08-22,23:00,96.03076300000006
2019-08-23,00:00,88.372878
2019-08-23,01:00,94.92412700000004
2019-08-23,02:00,89.75985999999995
2019-08-23,03:00,95.52637899999998
2019-08-23,04:00,78.40954500000002
2019-08-23,05:00,95.76631099999999
2019-08-23,06:00,99.72411500000007
2019-08-23,07:00,109.66429200000007
2019-08-23,08:00,110.10677300000005
2019-08-23,09:00,110.95660700000008
2019-08-23,10:00,106.02539500000006
2019-08-23,11:00,110.0412900000001
2019-08-23,12:00,97.13323300000005
2019-08-23,13:00,114.57698100000005
2019-08-23,14:00,106.21230700000008
2019-08-23,15:00,116.3686510000001
2019-08-23,16:00,100.96495200000014
2019-08-23,17:00,117.17719200000015
2019-08-23,18:00,109.09206700000013
2019-08-23,19:00,112.72490000000006
2019-08-23,20:00,99.69014600000015
2019-08-23,21:00,106.32518900000004
2019-08-23,22:00,102.09945100000004
2019-08-23,23:00,101.01016000000008
2019-08-24,00:00,88.72820400000003
2019-08-24,01:00,95.30901300000001
2019-08-24,02:00,81.32911500000007
2019-08-24,03:00,93.79655499999998
2019-08-24,04:00,85.59272100000004
2019-08-24,05:00,95.69703400000002
2019-08-24,06:00,93.76374900000005
2019-08-24,07:00,101.42321600000015
2019-08-24,08:00,99.40155900000012
2019-08-24,09:00,107.38719600000009
2019-08-24,10:00,95.13863299999997
2019-08-24,11:00,107.29309400000018
2019-08-24,12:00,100.32335900000012
2019-08-24,13:00,103.34450000000007
2019-08-24,14:00,102.39455700000005
2019-08-24,15:00,111.9868110000001
2019-08-24,16:00,105.28921400000011
2019-08-24,17:00,106.4804100000001
2019-08-24,18:00,109.29548500000011
2019-08-24,19:00,102.9595180000001
2019-08-24,20:00,103.87213800000015
2019-08-24,21:00,101.01026800000002
2019-08-24,22:00,97.68659600000011
2019-08-24,23:00,91.83802800000004
2019-08-25,00:00,88.90805800000007
2019-08-25,01:00,87.28566800000007
2019-08-25,02:00,91.44885000000006
2019-08-25,03:00,75.81778200000007
2019-08-25,04:00,89.56322700000008
2019-08-25,05:00,85.35647800000007
2019-08-25,06:00,100.86045800000008
2019-08-25,07:00,97.56410600000008
2019-08-25,08:00,100.27570600000013
2019-08-25,09:00,101.98286800000014
2019-08-25,10:00,108.47814000000011
2019-08-25,11:00,107.0517160000001
2019-08-25,12:00,101.47502800000011
2019-08-25,13:00,104.20071500000012
2019-08-25,14:00,104.3558280000001
2019-08-25,15:00,111.86741100000008
2019-08-25,16:00,106.41251100000011
2019-08-25,17:00,99.70367100000013
2019-08-25,18:00,101.9526230000001
2019-08-25,19:00,103.28316100000022
2019-08-25,20:00,95.53245400000014
2019-08-25,21:00,100.41018800000012
2019-08-25,22:00,96.27822200000007
2019-08-25,23:00,88.98652800000009
2019-08-26,00:00,82.08783999999999
2019-08-26,01:00,92.99460200000007
2019-08-26,02:00,82.52701700000006
2019-08-26,03:00,80.91545100000003
2019-08-26,04:00,81.97578400000005
2019-08-26,05:00,83.28696700000013
2019-08-26,06:00,99.65215100000007
2019-08-26,07:00,101.51462600000004
2019-08-26,08:00,107.38356500000002
2019-08-26,09:00,107.41133900000005
2019-08-26,10:00,114.09498900000007
2019-08-26,11:00,99.82135100000008
2019-08-26,12:00,108.02149500000004
2019-08-26,13:00,114.51542500000014
2019-08-26,14:00,100.57572100000009
2019-08-26,15:00,112.50154300000007
2019-08-26,16:00,104.45065199999999
2019-08-26,17:00,104.98129200000015
2019-08-26,18:00,105.17054100000016
2019-08-26,19:00,107.35484000000015
2019-08-26,20:00,104.88845300000018
2019-08-26,21:00,90.68359500000007
2019-08-26,22:00,108.41311300000008
2019-08-26,23:00,89.82760100000002
2019-08-27,00:00,89.21564000000004
2019-08-27,01:00,93.37285999999999
2019-08-27,02:00,87.704005
2019-08-27,03:00,91.16582700000001
2019-08-27,04:00,79.15016700000002
2019-08-27,05:00,93.56609600000004
2019-08-27,06:00,96.17307600000004
2019-08-27,07:00,111.87277900000008
2019-08-27,08:00,107.85757300000009
2019-08-27,09:00,109.45422900000008
2019-08-27,10:00,108.92699600000013
2019-08-27,11:00,105.25527500000011
2019-08-27,12:00,109.6078540000001
2019-08-27,13:00,102.05617800000013
2019-08-27,14:00,112.54291700000002
2019-08-27,15:00,108.3753090000001
2019-08-27,16:00,108.70194000000014
2019-08-27,17:00,110.60108700000015
2019-08-27,18:00,118.77009600000008
2019-08-27,19:00,114.68960000000007
2019-08-27,20:00,94.72243200000008
2019-08-27,21:00,111.29687299999996
2019-08-27,22:00,102.7307410000001
2019-08-27,23:00,98.43879900000012
2019-08-28,00:00,88.01976800000001
2019-08-28,01:00,87.60753899999997
2019-08-28,02:00,94.39116799999996
2019-08-28,03:00,86.63422099999998
2019-08-28,04:00,85.51521900000003
2019-08-28,05:00,89.37238899999996
2019-08-28,06:00,103.91534900000006
2019-08-28,07:00,105.82316599999997
2019-08-28,08:00,111.37317700000014
2019-08-28,09:00,117.2646480000002
2019-08-28,10:00,104.75495500000011
2019-08-28,11:00,112.93189700000012
2019-08-28,12:00,105.86536000000011
2019-08-28,13:00,106.47557300000013
2019-08-28,14:00,110.36240800000016
2019-08-28,15:00,111.37149400000008
2019-08-28,16:00,110.39723700000006
2019-08-28,17:00,118.44054300000018
2019-08-28,18:00,120.25137500000012
2019-08-28,19:00,106.72566200000014
2019-08-28,20:00,104.3213270000001
2019-08-28,21:00,103.16665100000012
2019-08-28,22:00,109.91932400000007
2019-08-28,23:00,98.1282220000001
2019-08-29,00:00,90.77045800000003
2019-08-29,01:00,90.56935000000004
2019-08-29,02:00,97.84422600000012
2019-08-29,03:00,92.96014200000002
2019-08-29,04:00,84.02890000000004
2019-08-29,05:00,89.58432700000003
2019-08-29,06:00,96.71292699999997
2019-08-29,07:00,114.09314900000012
2019-08-29,08:00,109.46314400000017
2019-08-29,09:00,109.36180399999996
2019-08-29,10:00,105.99410900000007
2019-08-29,11:00,111.89404000000009
2019-08-29,12:00,97.13601200000011
2019-08-29,13:00,115.00717800000005
2019-08-29,14:00,110.23404900000007
2019-08-29,15:00,111.13957500000004
2019-08-29,16:00,109.92083700000005
2019-08-29,17:00,122.25201900000008
2019-08-29,18:00,110.63244000000016
2019-08-29,19:00,108.59858600000008
2019-08-29,20:00,109.55959100000017
2019-08-29,21:00,102.98941500000014
2019-08-29,22:00,100.05145200000005
2019-08-29,23:00,93.82972200000003
2019-08-30,00:00,96.60769500000004
2019-08-30,01:00,88.81164500000001
2019-08-30,02:00,95.27536300000004
2019-08-30,03:00,81.61814199999999
2019-08-30,04:00,90.62121700000002
2019-08-30,05:00,88.02061399999997
2019-08-30,06:00,108.83241700000009
2019-08-30,07:00,97.61942100000012
2019-08-30,08:00,118.10132900000009
2019-08-30,09:00,118.40713500000011
2019-08-30,10:00,102.64576500000004
2019-08-30,11:00,112.01889700000008
2019-08-30,12:00,102.33855900000009
2019-08-30,13:00,103.30241400000008
2019-08-30,14:00,104.61483200000005
2019-08-30,15:00,102.30812400000008
2019-08-30,16:00,107.42546500000012
2019-08-30,17:00,113.40122400000004
2019-08-30,18:00,107.00234900000021
2019-08-30,19:00,101.9302610000001
2019-08-30,20:00,100.8389090000001
2019-08-30,21:00,101.89732700000006
2019-08-30,22:00,99.70593100000004
2019-08-30,23:00,87.667462
2019-08-31,00:00,86.49669700000003
2019-08-31,01:00,91.568476
2019-08-31,02:00,81.75070300000012
2019-08-31,03:00,91.09780899999996
2019-08-31,04:00,74.73442600000003
2019-08-31,05:00,90.04418200000002
2019-08-31,06:00,88.40089700000001
2019-08-31,07:00,100.42838300000005
2019-08-31,08:00,89.23247100000002
2019-08-31,09:00,103.54915200000009
2019-08-31,10:00,99.54487600000009
2019-08-31,11:00,98.01401000000011
2019-08-31,12:00,98.47011700000006
2019-08-31,13:00,108.73572599999999
2019-08-31,14:00,103.563042
2019-08-31,15:00,104.21463700000008
2019-08-31,16:00,107.13067399999998
2019-08-31,17:00,110.86498900000005
2019-08-31,18:00,105.37285800000006
2019-08-31,19:00,99.13307200000007
2019-08-31,20:00,97.5769640000001
2019-08-31,21:00,101.78437700000013
2019-08-31,22:00,96.67721800000002
2019-08-31,23:00,98.41046200000001
2019-09-01,00:00,75.56516400000002
2019-09-01,01:00,87.36685199999998
2019-09-01,02:00,80.43385600000005
2019-09-01,03:00,88.33323899999998
2019-09-01,04:00,72.47386500000005
2019-09-01,05:00,88.47053799999998
2019-09-01,06:00,89.32722199999998
2019-09-01,07:00,98.82173800000001
2019-09-01,08:00,87.93797499999998
2019-09-01,09:00,99.96044500000012
2019-09-01,10:00,96.21006400000013
2019-09-01,11:00,87.51113700000006
2019-09-01,12:00,101.08931000000013
2019-09-01,13:00,97.42914300000008
2019-09-01,14:00,107.06889800000015
2019-09-01,15:00,95.15500900000005
2019-09-01,16:00,104.17402800000015
2019-09-01,17:00,99.38850600000002
2019-09-01,18:00,103.89822100000004
2019-09-01,19:00,95.90774800000003
2019-09-01,20:00,97.56613300000004
2019-09-01,21:00,94.27693300000014
2019-09-01,22:00,104.42902300000014
2019-09-01,23:00,93.662232
2019-09-02,00:00,79.91985499999998
2019-09-02,01:00,82.81707099999998
2019-09-02,02:00,83.06948600000007
2019-09-02,03:00,84.42360400000003
2019-09-02,04:00,80.15811099999999
2019-09-02,05:00,89.850177
2019-09-02,06:00,87.0420650000001
2019-09-02,07:00,109.48789700000003
2019-09-02,08:00,109.69265500000012
2019-09-02,09:00,115.71296800000009
2019-09-02,10:00,103.98670900000003
2019-09-02,11:00,111.07038400000012
2019-09-02,12:00,104.66578100000012
2019-09-02,13:00,105.2845750000001
2019-09-02,14:00,107.92422300000004
2019-09-02,15:00,107.49110000000002
2019-09-02,16:00,119.97952200000006
2019-09-02,17:00,109.13828800000009
2019-09-02,18:00,115.62528300000007
2019-09-02,19:00,99.4875540000001
2019-09-02,20:00,102.40731300000013
2019-09-02,21:00,107.31985900000006
2019-09-02,22:00,101.58794400000008
2019-09-02,23:00,103.49894800000007
2019-09-03,00:00,88.06286699999998
2019-09-03,01:00,93.87657299999998
2019-09-03,02:00,81.823514
2019-09-03,03:00,88.43168600000003
2019-09-03,04:00,90.55042000000002
2019-09-03,05:00,88.051849
2019-09-03,06:00,105.98298100000011
2019-09-03,07:00,97.81566000000004
2019-09-03,08:00,102.33104300000008
2019-09-03,09:00,112.30901600000009
2019-09-03,10:00,104.76413900000011
2019-09-03,11:00,94.81870900000008
2019-09-03,12:00,111.80685200000009
2019-09-03,13:00,105.98063700000009
2019-09-03,14:00,109.81382900000015
2019-09-03,15:00,107.5597690000001
2019-09-03,16:00,110.61390400000006
2019-09-03,17:00,109.53055200000013
2019-09-03,18:00,117.90687900000009
2019-09-03,19:00,106.53511200000008
2019-09-03,20:00,100.98570799999999
2019-09-03,21:00,111.7926780000001
2019-09-03,22:00,100.3650980000001
2019-09-03,23:00,95.82767500000006
2019-09-04,00:00,87.73384699999995
2019-09-04,01:00,91.68370000000003
2019-09-04,02:00,89.77133799999997
2019-09-04,03:00,90.09236600000008
2019-09-04,04:00,93.73275700000003
2019-09-04,05:00,90.539709
2019-09-04,06:00,99.82718600000005
2019-09-04,07:00,113.47191300000009
2019-09-04,08:00,107.17705900000009
2019-09-04,09:00,112.45597800000002
2019-09-04,10:00,116.82718400000005
2019-09-04,11:00,97.85137200000008
2019-09-04,12:00,105.78570100000007
2019-09-04,13:00,108.42064900000011
2019-09-04,14:00,116.52711200000009
2019-09-04,15:00,109.78289300000012
2019-09-04,16:00,112.48107600000003
2019-09-04,17:00,114.50602800000013
2019-09-04,18:00,112.78830200000012
2019-09-04,19:00,108.93220500000014
2019-09-04,20:00,111.63188900000006
2019-09-04,21:00,101.50246000000008
2019-09-04,22:00,103.37782200000012
2019-09-04,23:00,102.68224000000009
2019-09-05,00:00,88.40797700000002
2019-09-05,01:00,89.59618299999997
2019-09-05,02:00,96.48344400000006
2019-09-05,03:00,88.74616499999999
2019-09-05,04:00,87.20327100000003
2019-09-05,05:00,100.17885
2019-09-05,06:00,92.71417400000004
2019-09-05,07:00,108.52560300000005
2019-09-05,08:00,118.80579700000007
2019-09-05,09:00,114.46033599999994
2019-09-05,10:00,111.75470900000008
2019-09-05,11:00,114.75365600000015
2019-09-05,12:00,100.99012400000018
2019-09-05,13:00,108.59774900000006
2019-09-05,14:00,117.88602800000011
2019-09-05,15:00,112.29290800000007
2019-09-05,16:00,113.77397800000011
2019-09-05,17:00,121.28481900000008
2019-09-05,18:00,105.55300400000012
2019-09-05,19:00,112.77707300000014
2019-09-05,20:00,113.4186910000001
2019-09-05,21:00,104.41611200000008
2019-09-05,22:00,110.6043310000001
2019-09-05,23:00,97.26699500000004
2019-09-06,00:00,84.0810770000001
2019-09-06,01:00,97.38612099999999
2019-09-06,02:00,91.33553100000005
2019-09-06,03:00,89.88536300000003
2019-09-06,04:00,95.691277
2019-09-06,05:00,91.08861400000005
2019-09-06,06:00,106.20123100000004
2019-09-06,07:00,102.39566100000013
2019-09-06,08:00,111.22384500000005
2019-09-06,09:00,117.85963600000004
2019-09-06,10:00,110.67366900000002
2019-09-06,11:00,98.92390600000006
2019-09-06,12:00,113.5134800000001
2019-09-06,13:00,105.77313800000015
2019-09-06,14:00,102.996283
2019-09-06,15:00,114.16553699999999
2019-09-06,16:00,108.85985000000011
2019-09-06,17:00,110.00644600000014
2019-09-06,18:00,118.45952499999999
2019-09-06,19:00,105.61336600000006
2019-09-06,20:00,104.45374500000005
2019-09-06,21:00,102.02166900000006
2019-09-06,22:00,104.66471000000008
2019-09-06,23:00,100.41629900000014
2019-09-07,00:00,93.26092900000008
2019-09-07,01:00,98.87866100000002
2019-09-07,02:00,90.65621400000003
2019-09-07,03:00,88.17290999999996
2019-09-07,04:00,95.90039300000005
2019-09-07,05:00,84.44291800000002
2019-09-07,06:00,100.077763
2019-09-07,07:00,109.56177400000006
2019-09-07,08:00,108.07624400000007
2019-09-07,09:00,105.51210500000008
2019-09-07,10:00,110.83794900000002
2019-09-07,11:00,108.65666900000002
2019-09-07,12:00,113.72180800000001
2019-09-07,13:00,112.23408500000004
2019-09-07,14:00,105.56440800000009
2019-09-07,15:00,119.7108590000001
2019-09-07,16:00,113.92739500000017
2019-09-07,17:00,112.24194300000016
2019-09-07,18:00,118.07227300000014
2019-09-07,19:00,109.83354300000008
2019-09-07,20:00,111.97412600000013
2019-09-07,21:00,101.15677300000003
2019-09-07,22:00,109.76632100000002
2019-09-07,23:00,98.19706500000007
2019-09-08,00:00,91.33305599999996
2019-09-08,01:00,98.03282200000007
2019-09-08,02:00,91.60534400000003
2019-09-08,03:00,95.79015799999998
2019-09-08,04:00,88.57002900000002
2019-09-08,05:00,91.66407199999995
2019-09-08,06:00,103.87812600000008
2019-09-08,07:00,97.78755600000004
2019-09-08,08:00,101.63627300000002
2019-09-08,09:00,98.77458900000003
2019-09-08,10:00,104.21923700000005
2019-09-08,11:00,108.71265500000005
2019-09-08,12:00,99.41701700000002
2019-09-08,13:00,109.39238500000012
2019-09-08,14:00,102.89472100000012
2019-09-08,15:00,100.70154600000019
2019-09-08,16:00,112.4708330000002
2019-09-08,17:00,103.67111000000008
2019-09-08,18:00,108.63617600000008
2019-09-08,19:00,98.66799100000006
2019-09-08,20:00,100.26194000000008
2019-09-08,21:00,105.40164700000004
2019-09-08,22:00,98.980079
2019-09-08,23:00,98.08126900000009
2019-09-09,00:00,82.341958
2019-09-09,01:00,79.59737500000004
2019-09-09,02:00,91.25338800000013
2019-09-09,03:00,82.26536300000002
2019-09-09,04:00,90.94572000000008
2019-09-09,05:00,84.13087900000004
2019-09-09,06:00,99.22704200000017
2019-09-09,07:00,112.23463800000003
2019-09-09,08:00,113.09909600000015
2019-09-09,09:00,116.76708800000007
2019-09-09,10:00,103.63363400000004
2019-09-09,11:00,109.22127500000005
2019-09-09,12:00,115.64704800000015
2019-09-09,13:00,114.25973400000007
2019-09-09,14:00,119.64602300000013
2019-09-09,15:00,110.05538300000002
2019-09-09,16:00,114.07190600000008
2019-09-09,17:00,122.95841100000011
2019-09-09,18:00,117.6297770000001
2019-09-09,19:00,110.7563880000001
2019-09-09,20:00,113.3244770000001
2019-09-09,21:00,107.97651200000011
2019-09-09,22:00,112.0137350000001
2019-09-09,23:00,96.35419700000003
2019-09-10,00:00,99.80699300000005
2019-09-10,01:00,83.247743
2019-09-10,02:00,91.452466
2019-09-10,03:00,97.19249600000012
2019-09-10,04:00,88.11592500000003
2019-09-10,05:00,92.99306500000002
2019-09-10,06:00,107.89153100000011
2019-09-10,07:00,108.58640600000021
2019-09-10,08:00,119.08358200000004
2019-09-10,09:00,114.86040500000003
2019-09-10,10:00,105.07694200000009
2019-09-10,11:00,114.26501600000003
2019-09-10,12:00,106.71392200000008
2019-09-10,13:00,119.05692599999999
2019-09-10,14:00,102.22182500000005
2019-09-10,15:00,107.07590600000005
2019-09-10,16:00,118.11166100000011
2019-09-10,17:00,109.40293200000009
2019-09-10,18:00,112.88920900000008
2019-09-10,19:00,114.4835090000001
2019-09-10,20:00,100.42974800000002
2019-09-10,21:00,110.19568900000004
2019-09-10,22:00,105.35897500000019
2019-09-10,23:00,96.87496000000009
2019-09-11,00:00,93.70074500000001
2019-09-11,01:00,91.29471300000007
2019-09-11,02:00,98.64523900000005
2019-09-11,03:00,89.34694500000005
2019-09-11,04:00,90.4373220000001
2019-09-11,05:00,96.57294199999994
2019-09-11,06:00,94.74830500000007
2019-09-11,07:00,105.5498980000001
2019-09-11,08:00,119.96545400000007
2019-09-11,09:00,108.61349400000012
2019-09-11,10:00,112.45137900000006
2019-09-11,11:00,106.76752900000007
2019-09-11,12:00,108.04047800000012
2019-09-11,13:00,109.73313900000004
2019-09-11,14:00,117.88925000000012
2019-09-11,15:00,113.40418299999999
2019-09-11,16:00,104.40511400000005
2019-09-11,17:00,122.51703800000014
2019-09-11,18:00,113.66427500000006
2019-09-11,19:00,107.90172300000016
2019-09-11,20:00,114.71684800000006
2019-09-11,21:00,103.59793900000003
2019-09-11,22:00,105.88352100000004
2019-09-11,23:00,101.77576200000007
2019-09-12,00:00,91.58725600000005
2019-09-12,01:00,94.51694200000004
2019-09-12,02:00,90.74497900000007
2019-09-12,03:00,94.54678000000006
2019-09-12,04:00,88.19379700000009
2019-09-12,05:00,95.15196
2019-09-12,06:00,99.20584799999996
2019-09-12,07:00,105.21837200000006
2019-09-12,08:00,111.22903500000008
2019-09-12,09:00,113.37623900000017
2019-09-12,10:00,106.6583080000001
2019-09-12,11:00,105.41116300000003
2019-09-12,12:00,104.70149800000006
2019-09-12,13:00,88.06054200000005
2019-09-12,14:00,102.19674700000012
2019-09-12,15:00,115.13807000000006
2019-09-12,16:00,111.76046100000015
2019-09-12,17:00,116.38590800000004
2019-09-12,18:00,108.01983800000012
2019-09-12,19:00,105.1966190000002
2019-09-12,20:00,101.65402300000001
2019-09-12,21:00,101.03541000000008
2019-09-12,22:00,106.46888100000001
2019-09-12,23:00,95.42747500000002
2019-09-13,00:00,95.57726000000011
2019-09-13,01:00,83.38623700000002
2019-09-13,02:00,82.00604300000002
2019-09-13,03:00,82.38414700000006
2019-09-13,04:00,88.26338300000002
2019-09-13,05:00,85.504556
2019-09-13,06:00,90.31479800000004
2019-09-13,07:00,96.93927800000012
2019-09-13,08:00,78.48571100000002
2019-09-13,09:00,90.87729000000006
2019-09-13,10:00,90.55325400000005
2019-09-13,11:00,90.67226699999998
2019-09-13,12:00,79.74227700000002
2019-09-13,13:00,84.98411800000001
2019-09-13,14:00,89.26221800000009
2019-09-13,15:00,87.53600300000002
2019-09-13,16:00,92.5131239999999
2019-09-13,17:00,86.99139600000004
2019-09-13,18:00,85.69635200000002
2019-09-13,19:00,85.358225
2019-09-13,20:00,90.392306
2019-09-13,21:00,81.21757799999999
2019-09-13,22:00,92.17731200000004
2019-09-13,23:00,72.79112100000005
2019-09-14,00:00,83.44605200000007
2019-09-14,01:00,68.64842000000003
2019-09-14,02:00,72.82854599999997
2019-09-14,03:00,69.85115800000004
2019-09-14,04:00,64.32386900000002
2019-09-14,05:00,68.33902400000002
2019-09-14,06:00,86.58534100000003
2019-09-14,07:00,84.03661700000009
2019-09-14,08:00,93.28156600000014
2019-09-14,09:00,96.78168600000008
2019-09-14,10:00,98.49947900000005
2019-09-14,11:00,107.84128600000003
2019-09-14,12:00,91.03718200000006
2019-09-14,13:00,108.99136000000006
2019-09-14,14:00,101.49465100000006
2019-09-14,15:00,108.36281900000012
2019-09-14,16:00,104.79061000000007
2019-09-14,17:00,101.99920100000008
2019-09-14,18:00,101.67096500000011
2019-09-14,19:00,81.71502400000001
2019-09-14,20:00,77.94764100000002
2019-09-14,21:00,77.54824800000003
2019-09-14,22:00,76.83891800000002
2019-09-14,23:00,68.51936400000001
2019-09-15,00:00,88.736303
2019-09-15,01:00,83.28484699999998
2019-09-15,02:00,82.90122800000003
2019-09-15,03:00,79.27725900000006
2019-09-15,04:00,85.57799699999997
2019-09-15,05:00,82.29107400000007
2019-09-15,06:00,85.99787499999998
2019-09-15,07:00,102.22091300000002
2019-09-15,08:00,100.58691000000017
2019-09-15,09:00,103.4605400000001
2019-09-15,10:00,106.49990600000012
2019-09-15,11:00,109.77560800000009
2019-09-15,12:00,96.25809800000006
2019-09-15,13:00,107.6073460000001
2019-09-15,14:00,117.3343470000001
2019-09-15,15:00,101.71373000000014
2019-09-15,16:00,116.63018800000005
2019-09-15,17:00,105.84068500000012
2019-09-15,18:00,114.55969400000012
2019-09-15,19:00,107.49435300000013
2019-09-15,20:00,100.82877700000007
2019-09-15,21:00,104.47199300000011
2019-09-15,22:00,107.70404800000009
2019-09-15,23:00,97.44766400000009
2019-09-16,00:00,88.73232800000001
2019-09-16,01:00,88.112914
2019-09-16,02:00,90.09915099999996
2019-09-16,03:00,93.15202799999996
2019-09-16,04:00,85.04654499999998
2019-09-16,05:00,96.51547900000004
2019-09-16,06:00,90.41610500000004
2019-09-16,07:00,111.02514800000021
2019-09-16,08:00,109.33234300000014
2019-09-16,09:00,119.35646700000008
2019-09-16,10:00,103.9801510000001
2019-09-16,11:00,109.38049000000017
2019-09-16,12:00,109.72497800000014
2019-09-16,13:00,109.98024400000014
2019-09-16,14:00,110.41969100000011
2019-09-16,15:00,109.29959700000009
2019-09-16,16:00,118.91025800000017
2019-09-16,17:00,106.51797900000015
2019-09-16,18:00,122.96876700000008
2019-09-16,19:00,108.05816300000012
2019-09-16,20:00,113.4245710000001
2019-09-16,21:00,105.05726800000014
2019-09-16,22:00,95.27258400000001
2019-09-16,23:00,101.16203600000009
2019-09-17,00:00,90.733688
2019-09-17,01:00,97.15892100000006
2019-09-17,02:00,90.49277200000006
2019-09-17,03:00,89.29974500000007
2019-09-17,04:00,89.92730900000001
2019-09-17,05:00,97.02630100000009
2019-09-17,06:00,100.90360500000003
2019-09-17,07:00,113.64000200000017
2019-09-17,08:00,104.2259870000001
2019-09-17,09:00,111.91397700000014
2019-09-17,10:00,113.30204800000011
2019-09-17,11:00,101.76065100000007
2019-09-17,12:00,109.20694800000018
2019-09-17,13:00,110.4437550000001
2019-09-17,14:00,101.37452800000015
2019-09-17,15:00,121.00419800000019
2019-09-17,16:00,112.74255300000011
2019-09-17,17:00,120.09265400000014
2019-09-17,18:00,107.59132300000006
2019-09-17,19:00,116.09438500000009
2019-09-17,20:00,103.37310700000006
2019-09-17,21:00,112.22816700000007
2019-09-17,22:00,103.43841600000006
2019-09-17,23:00,94.51681000000005
2019-09-18,00:00,89.26798500000005
2019-09-18,01:00,98.32461900000004
2019-09-18,02:00,91.19061999999994
2019-09-18,03:00,87.83254200000005
2019-09-18,04:00,89.38884399999999
2019-09-18,05:00,91.36237699999998
2019-09-18,06:00,109.90834600000007
2019-09-18,07:00,105.89867600000011
2019-09-18,08:00,110.39716400000019
2019-09-18,09:00,111.33403400000014
2019-09-18,10:00,112.99832200000014
2019-09-18,11:00,98.4808960000001
2019-09-18,12:00,108.69251699999998
2019-09-18,13:00,111.61904500000004
2019-09-18,14:00,108.51627200000007
2019-09-18,15:00,111.10073700000014
2019-09-18,16:00,110.77217900000011
2019-09-18,17:00,112.44097300000007
2019-09-18,18:00,112.46722800000018
2019-09-18,19:00,113.9520760000001
2019-09-18,20:00,105.73026800000011
2019-09-18,21:00,111.75618500000013
2019-09-18,22:00,96.56611900000004
2019-09-18,23:00,103.18656700000004
2019-09-19,00:00,89.62466100000002
2019-09-19,01:00,97.61202700000007
2019-09-19,02:00,89.020299
2019-09-19,03:00,89.07593900000003
2019-09-19,04:00,88.765466
2019-09-19,05:00,88.92650900000005
2019-09-19,06:00,105.3899300000001
2019-09-19,07:00,106.29697500000015
2019-09-19,08:00,108.98118800000012
2019-09-19,09:00,110.69711800000009
2019-09-19,10:00,98.66981600000008
2019-09-19,11:00,109.68337200000009
2019-09-19,12:00,98.93103300000008
2019-09-19,13:00,101.99905500000001
2019-09-19,14:00,101.23850500000015
2019-09-19,15:00,103.64806600000018
2019-09-19,16:00,105.07979500000012
2019-09-19,17:00,104.57961900000011
2019-09-19,18:00,112.87100100000013
2019-09-19,19:00,93.54501700000013
2019-09-19,20:00,105.84545800000016
2019-09-19,21:00,95.92781400000013
2019-09-19,22:00,98.5754650000001
2019-09-19,23:00,87.20965800000006
2019-09-20,00:00,83.777516
2019-09-20,01:00,90.49100800000005
2019-09-20,02:00,84.84775600000015
2019-09-20,03:00,82.74803000000006
2019-09-20,04:00,83.26324700000012
2019-09-20,05:00,85.80222600000002
2019-09-20,06:00,91.96314200000006
2019-09-20,07:00,98.88591800000012
2019-09-20,08:00,103.61124900000006
2019-09-20,09:00,102.32335700000003
2019-09-20,10:00,99.63763800000007
2019-09-20,11:00,93.6534780000001
2019-09-20,12:00,102.25471200000004
2019-09-20,13:00,101.62225300000014
2019-09-20,14:00,93.86342300000008
2019-09-20,15:00,107.15914700000015
2019-09-20,16:00,100.41253700000017
2019-09-20,17:00,105.66496200000006
2019-09-20,18:00,112.68029700000005
2019-09-20,19:00,102.76593400000016
2019-09-20,20:00,91.12210500000003
2019-09-20,21:00,104.591143
2019-09-20,22:00,95.85496800000014
2019-09-20,23:00,89.15700500000001
2019-09-21,00:00,84.08293599999999
2019-09-21,01:00,88.97376300000003
2019-09-21,02:00,89.47509300000002
2019-09-21,03:00,87.43289300000004
2019-09-21,04:00,88.35438100000002
2019-09-21,05:00,95.31626400000005
2019-09-21,06:00,91.63767600000006
2019-09-21,07:00,96.91308000000011
2019-09-21,08:00,111.20363100000009
2019-09-21,09:00,96.88361600000002
2019-09-21,10:00,113.71432200000008
2019-09-21,11:00,94.72836500000011
2019-09-21,12:00,104.54146800000005
2019-09-21,13:00,96.73733700000001
2019-09-21,14:00,115.96184000000011
2019-09-21,15:00,101.87269700000013
2019-09-21,16:00,115.89806500000009
2019-09-21,17:00,108.42672000000013
2019-09-21,18:00,109.24989600000004
2019-09-21,19:00,105.95914900000008
2019-09-21,20:00,102.22803800000008
2019-09-21,21:00,104.97152200000004
2019-09-21,22:00,98.32852500000001
2019-09-21,23:00,103.28511000000009
2019-09-22,00:00,80.45299300000002
2019-09-22,01:00,88.87994399999998
2019-09-22,02:00,95.82979100000004
2019-09-22,03:00,78.169756
2019-09-22,04:00,92.936778
2019-09-22,05:00,87.164526
2019-09-22,06:00,90.51161200000007
2019-09-22,07:00,93.67927900000008
2019-09-22,08:00,85.68500000000006
2019-09-22,09:00,100.12657900000005
2019-09-22,10:00,95.00204100000002
2019-09-22,11:00,87.77253700000007
2019-09-22,12:00,98.11064600000005
2019-09-22,13:00,91.016117
2019-09-22,14:00,97.12748700000009
2019-09-22,15:00,98.84187700000008
2019-09-22,16:00,100.02344900000011
2019-09-22,17:00,90.443623
2019-09-22,18:00,104.48959500000007
2019-09-22,19:00,90.57844400000008
2019-09-22,20:00,102.65079400000003
2019-09-22,21:00,85.93430700000002
2019-09-22,22:00,92.42543800000011
2019-09-22,23:00,96.28552200000007
2019-09-23,00:00,74.20572000000008
2019-09-23,01:00,90.014691
2019-09-23,02:00,82.85864300000003
2019-09-23,03:00,82.14405600000006
2019-09-23,04:00,77.48238400000001
2019-09-23,05:00,84.23185899999997
2019-09-23,06:00,91.48666700000001
2019-09-23,07:00,98.59432100000011
2019-09-23,08:00,111.16924400000003
2019-09-23,09:00,95.50987800000007
2019-09-23,10:00,101.88438900000016
2019-09-23,11:00,100.80353800000003
2019-09-23,12:00,96.41234900000008
2019-09-23,13:00,98.61036300000004
2019-09-23,14:00,110.12435400000007
2019-09-23,15:00,104.9935800000001
2019-09-23,16:00,107.09024100000019
2019-09-23,17:00,107.86757100000008
2019-09-23,18:00,106.96072200000009
2019-09-23,19:00,104.68593800000014
2019-09-23,20:00,102.00948700000009
2019-09-23,21:00,109.03824000000014
2019-09-23,22:00,90.03744799999998
2019-09-23,23:00,99.60718
2019-09-24,00:00,89.96312800000003
2019-09-24,01:00,79.53963500000002
2019-09-24,02:00,96.66195500000002
2019-09-24,03:00,87.09219200000001
2019-09-24,04:00,87.799179
2019-09-24,05:00,86.51986700000006
2019-09-24,06:00,103.50216500000012
2019-09-24,07:00,94.94914700000011
2019-09-24,08:00,111.91169300000007
2019-09-24,09:00,105.19180600000013
2019-09-24,10:00,102.8852950000001
2019-09-24,11:00,101.71068900000012
2019-09-24,12:00,89.65965900000005
2019-09-24,13:00,109.18059600000004
2019-09-24,14:00,96.32126300000006
2019-09-24,15:00,103.03526700000013
2019-09-24,16:00,104.6971430000001
2019-09-24,17:00,110.37427700000012
2019-09-24,18:00,113.02822600000009
2019-09-24,19:00,95.47073600000004
2019-09-24,20:00,99.55113400000016
2019-09-24,21:00,104.64878900000002
2019-09-24,22:00,101.24825300000012
2019-09-24,23:00,90.705749
2019-09-25,00:00,89.54711500000006
2019-09-25,01:00,96.18005100000002
2019-09-25,02:00,85.98233000000005
2019-09-25,03:00,88.2324290000001
2019-09-25,04:00,93.50275900000007
2019-09-25,05:00,84.7836480000001
2019-09-25,06:00,102.66184300000006
2019-09-25,07:00,103.92546800000012
2019-09-25,08:00,117.70767400000013
2019-09-25,09:00,100.02751900000014
2019-09-25,10:00,115.15250600000013
2019-09-25,11:00,94.09370200000014
2019-09-25,12:00,101.55751600000002
2019-09-25,13:00,102.27971700000006
2019-09-25,14:00,105.3235520000001
2019-09-25,15:00,110.18714800000005
2019-09-25,16:00,104.29238000000012
2019-09-25,17:00,108.26655000000015
2019-09-25,18:00,118.75028400000012
2019-09-25,19:00,96.3556220000001
2019-09-25,20:00,110.69201100000011
2019-09-25,21:00,102.2522310000001
2019-09-25,22:00,107.4667490000001
2019-09-25,23:00,86.31121599999999
2019-09-26,00:00,96.90544800000004
2019-09-26,01:00,89.037153
2019-09-26,02:00,96.19678300000008
2019-09-26,03:00,87.48596100000006
2019-09-26,04:00,86.72486700000002
2019-09-26,05:00,90.67071800000002
2019-09-26,06:00,99.46003499999999
2019-09-26,07:00,111.7466310000001
2019-09-26,08:00,100.86106700000006
2019-09-26,09:00,116.19305700000004
2019-09-26,10:00,106.4176930000001
2019-09-26,11:00,100.8977160000001
2019-09-26,12:00,102.29807300000004
2019-09-26,13:00,96.09516700000003
2019-09-26,14:00,108.43012300000017
2019-09-26,15:00,100.6749420000001
2019-09-26,16:00,107.72155000000008
2019-09-26,17:00,107.60184900000013
2019-09-26,18:00,110.51362000000013
2019-09-26,19:00,109.08755900000014
2019-09-26,20:00,104.15365100000008
2019-09-26,21:00,110.15682000000012
2019-09-26,22:00,94.44428700000005
2019-09-26,23:00,102.10198499999997
2019-09-27,00:00,87.875163
2019-09-27,01:00,96.45151000000001
2019-09-27,02:00,82.940154
2019-09-27,03:00,96.56845000000003
2019-09-27,04:00,86.59517100000004
2019-09-27,05:00,85.23222900000003
2019-09-27,06:00,105.21402600000015
2019-09-27,07:00,104.18901000000005
2019-09-27,08:00,115.2360370000001
2019-09-27,09:00,101.00435100000013
2019-09-27,10:00,114.5597940000001
2019-09-27,11:00,95.47519600000005
2019-09-27,12:00,101.19824600000003
2019-09-27,13:00,112.94042400000009
2019-09-27,14:00,101.85952800000011
2019-09-27,15:00,114.32149400000006
2019-09-27,16:00,103.83743800000009
2019-09-27,17:00,117.02390400000017
2019-09-27,18:00,112.66786000000006
2019-09-27,19:00,96.74088500000006
2019-09-27,20:00,113.5915260000001
2019-09-27,21:00,102.59352899999998
2019-09-27,22:00,108.72433300000006
2019-09-27,23:00,87.55474000000005
2019-09-28,00:00,87.90567999999999
2019-09-28,01:00,96.57512800000003
2019-09-28,02:00,86.81764700000004
2019-09-28,03:00,86.80614499999999
2019-09-28,04:00,86.62708000000002
2019-09-28,05:00,95.46693200000001
2019-09-28,06:00,85.90337500000005
2019-09-28,07:00,97.9515340000001
2019-09-28,08:00,106.18215000000009
2019-09-28,09:00,98.0617750000001
2019-09-28,10:00,109.65965400000005
2019-09-28,11:00,99.65162200000013
2019-09-28,12:00,99.36534400000006
2019-09-28,13:00,104.37811899999998
2019-09-28,14:00,97.93777200000005
2019-09-28,15:00,111.5206020000001
2019-09-28,16:00,105.56096400000007
2019-09-28,17:00,104.62222200000014
2019-09-28,18:00,103.67816100000015
2019-09-28,19:00,106.865878
2019-09-28,20:00,93.46393800000007
2019-09-28,21:00,101.74231300000005
2019-09-28,22:00,105.09472600000008
2019-09-28,23:00,94.90574900000006
2019-09-29,00:00,84.54333000000007
2019-09-29,01:00,86.946349
2019-09-29,02:00,93.70560900000007
2019-09-29,03:00,85.0791450000001
2019-09-29,04:00,76.35672000000001
2019-09-29,05:00,92.11731900000001
2019-09-29,06:00,95.23232200000005
2019-09-29,07:00,97.37611300000007
2019-09-29,08:00,104.8010000000001
2019-09-29,09:00,106.82128300000005
2019-09-29,10:00,95.1499630000001
2019-09-29,11:00,94.83988600000012
2019-09-29,12:00,98.99146600000012
2019-09-29,13:00,87.76934200000005
2019-09-29,14:00,103.0226180000001
2019-09-29,15:00,88.14135200000001
2019-09-29,16:00,98.36299500000007
2019-09-29,17:00,105.54527200000014
2019-09-29,18:00,101.34709300000013
2019-09-29,19:00,86.65324599999998
2019-09-29,20:00,98.39608500000013
2019-09-29,21:00,92.60852700000012
2019-09-29,22:00,96.76848700000004
2019-09-29,23:00,78.00812300000003
2019-09-30,00:00,79.924682
2019-09-30,01:00,88.32752900000007
2019-09-30,02:00,83.37432200000003
2019-09-30,03:00,82.934967
2019-09-30,04:00,80.953802
2019-09-30,05:00,81.35999699999996
2019-09-30,06:00,98.5434890000001
2019-09-30,07:00,88.96663600000004
2019-09-30,08:00,102.22765600000004
2019-09-30,09:00,96.0290380000001
2019-09-30,10:00,89.78602600000009
2019-09-30,11:00,98.10479000000007
2019-09-30,12:00,86.00011700000005
2019-09-30,13:00,102.00331200000001
2019-09-30,14:00,93.63191300000011
2019-09-30,15:00,97.49939700000006
2019-09-30,16:00,105.11423000000012
2019-09-30,17:00,90.93293300000012
2019-09-30,18:00,94.97824100000007
2019-09-30,19:00,99.14420000000008
2019-09-30,20:00,91.3389470000001
2019-09-30,21:00,87.9957080000001
2019-09-30,22:00,89.63093300000001
2019-09-30,23:00,83.09586000000003
2019-10-01,00:00,86.486072
2019-10-01,01:00,66.89428799999996
2019-10-01,02:00,51.47547600000001
2019-10-01,03:00,52.37688800000003
2019-10-01,04:00,48.082656
2019-10-01,05:00,48.09740700000002
2019-10-01,06:00,59.204098
2019-10-01,07:00,55.08595399999998
2019-10-01,08:00,52.331113000000045
2019-10-01,09:00,54.337870000000024
2019-10-01,10:00,56.05048000000002
2019-10-01,11:00,54.074664000000006
2019-10-01,12:00,56.19669700000005
2019-10-01,13:00,57.80650100000005
2019-10-01,14:00,58.47885600000002
2019-10-01,15:00,56.655100000000076
2019-10-01,16:00,56.945912000000064
2019-10-01,17:00,58.337215000000036
2019-10-01,18:00,60.004891
2019-10-01,19:00,57.74263199999999
2019-10-01,20:00,58.19542200000001
2019-10-01,21:00,57.68893099999999
2019-10-01,22:00,55.90960499999999
2019-10-01,23:00,84.02833400000002
2019-10-02,00:00,69.47807300000007
2019-10-02,01:00,69.75914400000002
2019-10-02,02:00,64.75895200000005
2019-10-02,03:00,56.144142999999985
2019-10-02,04:00,69.91460300000003
2019-10-02,05:00,62.765004000000026
2019-10-02,06:00,81.55022199999999
2019-10-02,07:00,70.96296300000003
2019-10-02,08:00,81.89692100000005
2019-10-02,09:00,80.84879300000001
2019-10-02,10:00,88.73640900000008
2019-10-02,11:00,75.261404
2019-10-02,12:00,77.90528500000002
2019-10-02,13:00,82.35016700000006
2019-10-02,14:00,79.29944200000007
2019-10-02,15:00,87.21125799999997
2019-10-02,16:00,84.94371900000007
2019-10-02,17:00,74.56010900000004
2019-10-02,18:00,90.336836
2019-10-02,19:00,77.00776599999999
2019-10-02,20:00,85.55884699999996
2019-10-02,21:00,79.99050299999999
2019-10-02,22:00,78.78350499999998
2019-10-02,23:00,70.00135400000002
2019-10-03,00:00,64.49505400000001
2019-10-03,01:00,69.573348
2019-10-03,02:00,62.20456400000004
2019-10-03,03:00,67.90548600000004
2019-10-03,04:00,66.31217900000004
2019-10-03,05:00,75.38227000000006
2019-10-03,06:00,77.18446300000001
2019-10-03,07:00,86.52581300000003
2019-10-03,08:00,75.814199
2019-10-03,09:00,83.33260299999999
2019-10-03,10:00,92.55771399999998
2019-10-03,11:00,76.51005199999992
2019-10-03,12:00,92.10240800000011
2019-10-03,13:00,87.18802399999996
2019-10-03,14:00,82.075575
2019-10-03,15:00,93.63273599999998
2019-10-03,16:00,90.19041800000007
2019-10-03,17:00,96.88090699999995
2019-10-03,18:00,81.58439699999997
2019-10-03,19:00,86.78496900000009
2019-10-03,20:00,93.34653200000001
2019-10-03,21:00,86.408653
2019-10-03,22:00,92.22778300000006
2019-10-03,23:00,70.72344800000008
2019-10-04,00:00,79.13135800000005
2019-10-04,01:00,70.98797300000007
2019-10-04,02:00,70.50641800000005
2019-10-04,03:00,71.26781100000001
2019-10-04,04:00,68.09885300000006
2019-10-04,05:00,82.02082700000005
2019-10-04,06:00,78.66845400000001
2019-10-04,07:00,89.287195
2019-10-04,08:00,80.6036010000001
2019-10-04,09:00,89.5660820000001
2019-10-04,10:00,100.16736800000004
2019-10-04,11:00,83.49720900000004
2019-10-04,12:00,97.7865610000001
2019-10-04,13:00,91.43030000000005
2019-10-04,14:00,87.05960600000007
2019-10-04,15:00,101.57066100000007
2019-10-04,16:00,95.45548400000006
2019-10-04,17:00,89.03336900000005
2019-10-04,18:00,102.00689000000007
2019-10-04,19:00,90.72498400000006
2019-10-04,20:00,98.58826000000006
2019-10-04,21:00,89.95949800000001
2019-10-04,22:00,91.71985700000005
2019-10-04,23:00,83.27296400000004
2019-10-05,00:00,78.17314800000003
2019-10-05,01:00,82.46863300000003
2019-10-05,02:00,69.70463700000003
2019-10-05,03:00,83.169502
2019-10-05,04:00,75.64752900000005
2019-10-05,05:00,76.92111500000006
2019-10-05,06:00,84.30163300000004
2019-10-05,07:00,89.75585900000006
2019-10-05,08:00,93.89857600000013
2019-10-05,09:00,85.76454300000005
2019-10-05,10:00,100.63707400000018
2019-10-05,11:00,92.25391700000006
2019-10-05,12:00,88.501564
2019-10-05,13:00,102.39314200000005
2019-10-05,14:00,88.65914400000001
2019-10-05,15:00,98.56698899999998
2019-10-05,16:00,96.31305000000013
2019-10-05,17:00,93.95064100000005
2019-10-05,18:00,94.40315500000008
2019-10-05,19:00,93.20407900000012
2019-10-05,20:00,100.1513980000001
2019-10-05,21:00,95.05675300000016
2019-10-05,22:00,92.97126600000003
2019-10-05,23:00,91.15549000000007
2019-10-06,00:00,87.37432700000006
2019-10-06,01:00,86.816727
2019-10-06,02:00,71.69069300000001
2019-10-06,03:00,86.87678100000011
2019-10-06,04:00,76.99475700000004
2019-10-06,05:00,87.94477900000005
2019-10-06,06:00,80.84057600000004
2019-10-06,07:00,95.30585600000005
2019-10-06,08:00,98.97818000000014
2019-10-06,09:00,91.66451200000006
2019-10-06,10:00,108.63012300000011
2019-10-06,11:00,97.70138000000006
2019-10-06,12:00,99.37885300000006
2019-10-06,13:00,105.82501800000004
2019-10-06,14:00,104.36355800000013
2019-10-06,15:00,105.95247200000011
2019-10-06,16:00,105.22761100000008
2019-10-06,17:00,111.1293120000002
2019-10-06,18:00,103.31886800000008
2019-10-06,19:00,99.17835600000012
2019-10-06,20:00,100.2965790000002
2019-10-06,21:00,96.712563
2019-10-06,22:00,105.61767100000003
2019-10-06,23:00,85.35239800000004
2019-10-07,00:00,97.19480699999998
2019-10-07,01:00,86.88543900000002
2019-10-07,02:00,89.33467100000003
2019-10-07,03:00,77.10887400000003
2019-10-07,04:00,88.510735
2019-10-07,05:00,84.58537999999997
2019-10-07,06:00,91.90964000000001
2019-10-07,07:00,102.47531300000006
2019-10-07,08:00,98.48827600000008
2019-10-07,09:00,110.71356400000012
2019-10-07,10:00,107.04168900000012
2019-10-07,11:00,98.47522900000008
2019-10-07,12:00,109.58973900000008
2019-10-07,13:00,109.2208890000001
2019-10-07,14:00,111.25314800000004
2019-10-07,15:00,112.59487400000008
2019-10-07,16:00,119.37937900000018
2019-10-07,17:00,110.69469300000006
2019-10-07,18:00,105.24927100000012
2019-10-07,19:00,109.83044900000007
2019-10-07,20:00,104.7327840000001
2019-10-07,21:00,110.73554200000011
2019-10-07,22:00,96.59568700000004
2019-10-07,23:00,106.12549400000013
2019-10-08,00:00,97.211746
2019-10-08,01:00,88.57703800000004
2019-10-08,02:00,97.55313800000008
2019-10-08,03:00,80.60843000000004
2019-10-08,04:00,95.48768900000003
2019-10-08,05:00,89.88886700000002
2019-10-08,06:00,106.23755000000003
2019-10-08,07:00,95.02158
2019-10-08,08:00,116.97833100000005
2019-10-08,09:00,107.65206200000011
2019-10-08,10:00,109.2443460000001
2019-10-08,11:00,104.45260100000009
2019-10-08,12:00,102.56951200000013
2019-10-08,13:00,105.88613400000014
2019-10-08,14:00,107.34219200000014
2019-10-08,15:00,117.11452400000009
2019-10-08,16:00,108.09079000000014
2019-10-08,17:00,105.70922000000013
2019-10-08,18:00,115.60908500000008
2019-10-08,19:00,108.46011400000008
2019-10-08,20:00,107.6774910000001
2019-10-08,21:00,94.61082500000009
2019-10-08,22:00,108.87015000000002
2019-10-08,23:00,94.74450699999994
2019-10-09,00:00,94.651835
2019-10-09,01:00,84.25882600000003
2019-10-09,02:00,96.02593200000004
2019-10-09,03:00,89.05689100000009
2019-10-09,04:00,89.812484
2019-10-09,05:00,91.41066699999999
2019-10-09,06:00,105.13363300000002
2019-10-09,07:00,107.21181500000012
2019-10-09,08:00,107.30501800000008
2019-10-09,09:00,112.93539000000013
2019-10-09,10:00,108.99912700000013
2019-10-09,11:00,105.18360500000004
2019-10-09,12:00,112.35780400000013
2019-10-09,13:00,100.12265100000003
2019-10-09,14:00,108.52600200000006
2019-10-09,15:00,114.60322000000006
2019-10-09,16:00,104.84991000000011
2019-10-09,17:00,116.27663900000007
2019-10-09,18:00,111.96627800000016
2019-10-09,19:00,108.01442700000001
2019-10-09,20:00,105.36791000000008
2019-10-09,21:00,111.13717300000005
2019-10-09,22:00,102.22506300000009
2019-10-09,23:00,95.57832700000004
2019-10-10,00:00,91.14331000000003
2019-10-10,01:00,95.41937000000003
2019-10-10,02:00,91.04116800000004
2019-10-10,03:00,83.20931100000001
2019-10-10,04:00,96.48272000000009
2019-10-10,05:00,91.89091400000001
2019-10-10,06:00,108.94902900000004
2019-10-10,07:00,98.46139199999998
2019-10-10,08:00,118.66718600000011
2019-10-10,09:00,110.48765800000008
2019-10-10,10:00,101.65357000000007
2019-10-10,11:00,115.66755500000008
2019-10-10,12:00,102.75642800000008
2019-10-10,13:00,105.3292700000001
2019-10-10,14:00,104.95673700000006
2019-10-10,15:00,106.37970200000014
2019-10-10,16:00,104.55584900000007
2019-10-10,17:00,111.06288800000013
2019-10-10,18:00,115.98025099999997
2019-10-10,19:00,107.08635800000006
2019-10-10,20:00,107.10083400000008
2019-10-10,21:00,103.10906800000008
2019-10-10,22:00,103.03262600000012
2019-10-10,23:00,104.57140500000006
2019-10-11,00:00,81.02038700000001
2019-10-11,01:00,95.97095200000001
2019-10-11,02:00,93.32421699999996
2019-10-11,03:00,94.28614500000003
2019-10-11,04:00,82.152759
2019-10-11,05:00,89.53337300000003
2019-10-11,06:00,106.45733000000007
2019-10-11,07:00,102.79204000000013
2019-10-11,08:00,109.28132500000007
2019-10-11,09:00,106.91085500000005
2019-10-11,10:00,107.2873170000001
2019-10-11,11:00,109.71187900000008
2019-10-11,12:00,93.54802100000003
2019-10-11,13:00,110.55727000000014
2019-10-11,14:00,102.00916800000012
2019-10-11,15:00,111.63165499999997
2019-10-11,16:00,111.06154100000013
2019-10-11,17:00,109.3608390000001
2019-10-11,18:00,113.04178900000012
2019-10-11,19:00,106.77781500000006
2019-10-11,20:00,109.69102500000004
2019-10-11,21:00,104.35290300000007
2019-10-11,22:00,100.67312900000009
2019-10-11,23:00,97.66244400000008
2019-10-12,00:00,95.59662100000006
2019-10-12,01:00,90.579122
2019-10-12,02:00,88.75175900000002
2019-10-12,03:00,89.929339
2019-10-12,04:00,86.80646400000008
2019-10-12,05:00,99.94926099999999
2019-10-12,06:00,100.36836900000006
2019-10-12,07:00,94.05236300000011
2019-10-12,08:00,114.4930570000001
2019-10-12,09:00,108.9657250000001
2019-10-12,10:00,105.00147300000015
2019-10-12,11:00,105.83421800000009
2019-10-12,12:00,105.4219380000001
2019-10-12,13:00,99.99162
2019-10-12,14:00,107.90377400000015
2019-10-12,15:00,114.90078500000011
2019-10-12,16:00,106.33083300000015
2019-10-12,17:00,107.70933700000012
2019-10-12,18:00,106.80504200000014
2019-10-12,19:00,111.66051200000017
2019-10-12,20:00,102.94430300000008
2019-10-12,21:00,95.863131
2019-10-12,22:00,109.03751600000012
2019-10-12,23:00,91.77745600000004
2019-10-13,00:00,96.48773800000009
2019-10-13,01:00,81.75204700000003
2019-10-13,02:00,94.92664700000003
2019-10-13,03:00,86.355339
2019-10-13,04:00,92.69708700000004
2019-10-13,05:00,82.58559500000005
2019-10-13,06:00,95.09287499999999
2019-10-13,07:00,103.10671000000006
2019-10-13,08:00,96.41570800000014
2019-10-13,09:00,96.50958100000004
2019-10-13,10:00,99.85426800000006
2019-10-13,11:00,102.8589850000001
2019-10-13,12:00,95.20147700000015
2019-10-13,13:00,98.1365690000001
2019-10-13,14:00,101.73599700000008
2019-10-13,15:00,99.91045400000014
2019-10-13,16:00,102.5198000000001
2019-10-13,17:00,98.5430530000001
2019-10-13,18:00,107.54973400000011
2019-10-13,19:00,95.4043400000001
2019-10-13,20:00,96.24371900000001
2019-10-13,21:00,97.1989240000001
2019-10-13,22:00,102.50463200000016
2019-10-13,23:00,90.76817500000006
2019-10-14,00:00,74.819101
2019-10-14,01:00,91.82314800000002
2019-10-14,02:00,80.86309700000001
2019-10-14,03:00,86.18960699999997
2019-10-14,04:00,74.73618400000005
2019-10-14,05:00,88.18316800000005
2019-10-14,06:00,93.57536900000011
2019-10-14,07:00,107.3759470000001
2019-10-14,08:00,100.28217100000013
2019-10-14,09:00,106.83418500000005
2019-10-14,10:00,109.86809400000006
2019-10-14,11:00,93.82114500000004
2019-10-14,12:00,104.71451900000005
2019-10-14,13:00,99.1562200000001
2019-10-14,14:00,100.80838000000014
2019-10-14,15:00,101.4969070000002
2019-10-14,16:00,104.77542900000006
2019-10-14,17:00,102.43331400000008
2019-10-14,18:00,106.6333450000001
2019-10-14,19:00,106.35090300000012
2019-10-14,20:00,98.09106300000009
2019-10-14,21:00,95.99840800000007
2019-10-14,22:00,100.39828400000009
2019-10-14,23:00,99.71024100000005
2019-10-15,00:00,85.77093400000004
2019-10-15,01:00,94.60129900000011
2019-10-15,02:00,90.27416000000005
2019-10-15,03:00,92.79104400000003
2019-10-15,04:00,83.92948700000004
2019-10-15,05:00,94.88907600000003
2019-10-15,06:00,95.20731600000006
2019-10-15,07:00,100.4872460000001
2019-10-15,08:00,112.92646400000015
2019-10-15,09:00,103.02898600000012
2019-10-15,10:00,110.98123600000012
2019-10-15,11:00,97.16269300000006
2019-10-15,12:00,102.61719700000012
2019-10-15,13:00,103.2507670000001
2019-10-15,14:00,103.4940460000001
2019-10-15,15:00,114.47121900000008
2019-10-15,16:00,103.49654200000012
2019-10-15,17:00,115.29444600000004
2019-10-15,18:00,103.90815999999995
2019-10-15,19:00,110.33725999999999
2019-10-15,20:00,104.73364300000004
2019-10-15,21:00,103.26304300000001
2019-10-15,22:00,97.74713700000002
2019-10-15,23:00,92.02467299999999
2019-10-16,00:00,92.77119600000002
2019-10-16,01:00,86.95638600000004
2019-10-16,02:00,95.59417900000004
2019-10-16,03:00,87.92784400000009
2019-10-16,04:00,89.97426000000004
2019-10-16,05:00,84.93418600000003
2019-10-16,06:00,100.45499900000004
2019-10-16,07:00,94.58750000000006
2019-10-16,08:00,101.32085600000008
2019-10-16,09:00,105.37778500000007
2019-10-16,10:00,100.23756400000008
2019-10-16,11:00,101.81191800000002
2019-10-16,12:00,93.15299899999997
2019-10-16,13:00,97.25870500000008
2019-10-16,14:00,109.52454200000011
2019-10-16,15:00,99.46442000000003
2019-10-16,16:00,99.39038900000018
2019-10-16,17:00,109.60915300000012
2019-10-16,18:00,100.71259800000006
2019-10-16,19:00,111.40805000000013
2019-10-16,20:00,95.34997599999998
2019-10-16,21:00,102.92584800000006
2019-10-16,22:00,96.008447
2019-10-16,23:00,92.27144200000002
2019-10-17,00:00,91.38062599999999
2019-10-17,01:00,91.76242200000004
2019-10-17,02:00,80.47130200000005
2019-10-17,03:00,92.64724200000008
2019-10-17,04:00,89.73431800000002
2019-10-17,05:00,85.18012700000003
2019-10-17,06:00,96.12456800000002
2019-10-17,07:00,105.92068100000004
2019-10-17,08:00,102.23563600000006
2019-10-17,09:00,109.58343000000013
2019-10-17,10:00,100.47455700000009
2019-10-17,11:00,98.13134800000007
2019-10-17,12:00,99.19195200000009
2019-10-17,13:00,95.64520200000001
2019-10-17,14:00,107.069362
2019-10-17,15:00,101.4872600000001
2019-10-17,16:00,108.88236800000006
2019-10-17,17:00,108.75646000000008
2019-10-17,18:00,107.0310150000001
2019-10-17,19:00,108.23567100000012
2019-10-17,20:00,105.9238960000001
2019-10-17,21:00,100.9121250000001
2019-10-17,22:00,96.87112500000005
2019-10-17,23:00,98.34567600000007
2019-10-18,00:00,92.90737400000005
2019-10-18,01:00,79.34412999999999
2019-10-18,02:00,90.485791
2019-10-18,03:00,90.406324
2019-10-18,04:00,84.646547
2019-10-18,05:00,92.87183600000004
2019-10-18,06:00,95.43999300000004
2019-10-18,07:00,100.08419399999998
2019-10-18,08:00,109.32399200000017
2019-10-18,09:00,107.89300400000013
2019-10-18,10:00,96.33966600000005
2019-10-18,11:00,104.53444400000011
2019-10-18,12:00,95.52137700000003
2019-10-18,13:00,109.39833100000007
2019-10-18,14:00,95.46351
2019-10-18,15:00,111.88022300000004
2019-10-18,16:00,112.0842130000001
2019-10-18,17:00,104.05707300000007
2019-10-18,18:00,114.66388500000019
2019-10-18,19:00,109.03372100000009
2019-10-18,20:00,100.3403870000001
2019-10-18,21:00,106.73980100000011
2019-10-18,22:00,100.88886900000003
2019-10-18,23:00,97.85379100000009
2019-10-19,00:00,84.99946500000006
2019-10-19,01:00,90.43364399999999
2019-10-19,02:00,93.283105
2019-10-19,03:00,82.40243000000001
2019-10-19,04:00,92.330423
2019-10-19,05:00,87.258034
2019-10-19,06:00,95.08783800000009
2019-10-19,07:00,95.88560700000008
2019-10-19,08:00,100.15454100000011
2019-10-19,09:00,101.48744900000011
2019-10-19,10:00,101.82417500000012
2019-10-19,11:00,101.27857500000015
2019-10-19,12:00,98.29083000000006
2019-10-19,13:00,101.57298600000006
2019-10-19,14:00,94.95457000000007
2019-10-19,15:00,108.46379000000005
2019-10-19,16:00,105.25983600000012
2019-10-19,17:00,107.84561000000012
2019-10-19,18:00,106.44240000000016
2019-10-19,19:00,100.17103800000017
2019-10-19,20:00,107.08358400000003
2019-10-19,21:00,96.20886000000012
2019-10-19,22:00,104.91731300000014
2019-10-19,23:00,95.39999500000009
2019-10-20,00:00,87.72415200000005
2019-10-20,01:00,90.24301299999996
2019-10-20,02:00,88.21934999999998
2019-10-20,03:00,92.93386500000005
2019-10-20,04:00,80.78490100000005
2019-10-20,05:00,96.48266900000003
2019-10-20,06:00,92.97879200000004
2019-10-20,07:00,101.3529580000001
2019-10-20,08:00,85.63925000000008
2019-10-20,09:00,96.65285900000005
2019-10-20,10:00,99.19393200000015
2019-10-20,11:00,86.82318100000009
2019-10-20,12:00,101.40305300000007
2019-10-20,13:00,88.58556500000006
2019-10-20,14:00,100.59399000000015
2019-10-20,15:00,100.03502400000005
2019-10-20,16:00,101.67680500000004
2019-10-20,17:00,106.33029100000016
2019-10-20,18:00,92.72149000000012
2019-10-20,19:00,96.02798600000014
2019-10-20,20:00,101.7984840000001
2019-10-20,21:00,93.8974230000001
2019-10-20,22:00,92.90936300000001
2019-10-20,23:00,87.87745599999998
2019-10-21,00:00,85.98719700000007
2019-10-21,01:00,80.18349400000002
2019-10-21,02:00,73.461572
2019-10-21,03:00,84.81904000000002
2019-10-21,04:00,77.83153000000004
2019-10-21,05:00,80.93641300000003
2019-10-21,06:00,92.15213200000005
2019-10-21,07:00,106.71931500000008
2019-10-21,08:00,96.17781000000014
2019-10-21,09:00,103.48726000000009
2019-10-21,10:00,110.45008600000007
2019-10-21,11:00,90.52587800000009
2019-10-21,12:00,97.0232210000001
2019-10-21,13:00,99.18442800000018
2019-10-21,14:00,104.14396000000015
2019-10-21,15:00,102.65369200000008
2019-10-21,16:00,110.0415300000001
2019-10-21,17:00,99.75304300000005
2019-10-21,18:00,114.83609900000013
2019-10-21,19:00,97.87122000000005
2019-10-21,20:00,107.48383200000006
2019-10-21,21:00,98.41372900000002
2019-10-21,22:00,99.35567100000007
2019-10-21,23:00,92.49292100000001
2019-10-22,00:00,85.27523299999999
2019-10-22,01:00,86.92208500000002
2019-10-22,02:00,91.64362700000007
2019-10-22,03:00,78.51670600000004
2019-10-22,04:00,94.0116420000001
2019-10-22,05:00,78.58902700000006
2019-10-22,06:00,101.79597600000002
2019-10-22,07:00,100.56111700000004
2019-10-22,08:00,104.25539800000018
2019-10-22,09:00,104.57711600000002
2019-10-22,10:00,103.2486720000001
2019-10-22,11:00,100.40021900000015
2019-10-22,12:00,97.52471000000003
2019-10-22,13:00,103.085606
2019-10-22,14:00,103.65099100000006
2019-10-22,15:00,102.65439200000006
2019-10-22,16:00,104.98978800000017
2019-10-22,17:00,101.9690000000001
2019-10-22,18:00,102.12396800000002
2019-10-22,19:00,102.26145100000015
2019-10-22,20:00,98.40995100000013
2019-10-22,21:00,99.40298000000008
2019-10-22,22:00,96.27810900000001
2019-10-22,23:00,92.63954600000002
2019-10-23,00:00,90.61790399999995
2019-10-23,01:00,78.00982200000001
2019-10-23,02:00,92.55723000000008
2019-10-23,03:00,79.08503600000007
2019-10-23,04:00,89.17062400000005
2019-10-23,05:00,89.12152900000002
2019-10-23,06:00,95.21727899999999
2019-10-23,07:00,100.70178300000003
2019-10-23,08:00,104.75116400000014
2019-10-23,09:00,104.59436700000009
2019-10-23,10:00,103.90672700000007
2019-10-23,11:00,98.4588220000001
2019-10-23,12:00,96.25133600000008
2019-10-23,13:00,102.63384000000013
2019-10-23,14:00,101.99433100000019
2019-10-23,15:00,99.2968410000001
2019-10-23,16:00,110.69735400000009
2019-10-23,17:00,106.90671200000006
2019-10-23,18:00,108.08521000000007
2019-10-23,19:00,102.11129100000005
2019-10-23,20:00,100.05822700000004
2019-10-23,21:00,100.14174799999999
2019-10-23,22:00,103.478921
2019-10-23,23:00,86.04391700000002
2019-10-24,00:00,91.39996800000002
2019-10-24,01:00,85.53317800000008
2019-10-24,02:00,85.17816600000005
2019-10-24,03:00,84.75541000000007
2019-10-24,04:00,90.72485800000003
2019-10-24,05:00,80.71926400000008
2019-10-24,06:00,100.75832199999996
2019-10-24,07:00,100.24940900000006
2019-10-24,08:00,103.32800200000007
2019-10-24,09:00,102.42735200000013
2019-10-24,10:00,94.72159600000009
2019-10-24,11:00,101.21335199999999
2019-10-24,12:00,89.42503300000004
2019-10-24,13:00,108.97132400000005
2019-10-24,14:00,92.40907900000003
2019-10-24,15:00,109.70572300000003
2019-10-24,16:00,96.55317000000011
2019-10-24,17:00,105.50843900000011
2019-10-24,18:00,113.69711000000011
2019-10-24,19:00,94.25503700000016
2019-10-24,20:00,105.07541900000005
2019-10-24,21:00,96.32545200000001
2019-10-24,22:00,98.7312400000001
2019-10-24,23:00,90.81598700000006
2019-10-25,00:00,83.27314700000002
2019-10-25,01:00,91.41769500000002
2019-10-25,02:00,78.47013100000004
2019-10-25,03:00,91.56305400000001
2019-10-25,04:00,86.16406800000003
2019-10-25,05:00,85.26978200000005
2019-10-25,06:00,95.13071400000005
2019-10-25,07:00,101.08258699999998
2019-10-25,08:00,98.60481000000004
2019-10-25,09:00,99.8975080000001
2019-10-25,10:00,103.34124200000011
2019-10-25,11:00,87.6326870000001
2019-10-25,12:00,95.06308300000009
2019-10-25,13:00,99.97468100000017
2019-10-25,14:00,99.49202700000009
2019-10-25,15:00,103.48985700000014
2019-10-25,16:00,103.58086700000008
2019-10-25,17:00,109.39757000000014
2019-10-25,18:00,97.33451800000017
2019-10-25,19:00,96.1943970000001
2019-10-25,20:00,101.7413810000001
2019-10-25,21:00,87.95844000000002
2019-10-25,22:00,102.49718200000011
2019-10-25,23:00,86.07040800000004
2019-10-26,00:00,80.00075900000002
2019-10-26,01:00,81.68771200000002
2019-10-26,02:00,87.59945400000001
2019-10-26,03:00,73.36396499999998
2019-10-26,04:00,85.34561000000004
2019-10-26,05:00,82.22762500000005
2019-10-26,06:00,91.34554500000009
2019-10-26,07:00,91.97778400000007
2019-10-26,08:00,93.7647240000001
2019-10-26,09:00,96.15989800000006
2019-10-26,10:00,97.90387300000009
2019-10-26,11:00,93.27713300000009
2019-10-26,12:00,98.18329700000008
2019-10-26,13:00,102.35510500000011
2019-10-26,14:00,103.59433300000006
2019-10-26,15:00,103.7810350000001
2019-10-26,16:00,106.01808600000014
2019-10-26,17:00,109.81789000000006
2019-10-26,18:00,97.63621000000013
2019-10-26,19:00,107.91213400000011
2019-10-26,20:00,96.96784400000004
2019-10-26,21:00,99.92305500000006
2019-10-26,22:00,95.7773970000001
2019-10-26,23:00,97.3755590000001
2019-10-27,00:00,78.55257300000007
2019-10-27,01:00,92.92008900000005
2019-10-27,02:00,83.05439499999997
2019-10-27,03:00,84.02879300000004
2019-10-27,04:00,83.56887100000003
2019-10-27,05:00,84.8895000000001
2019-10-27,06:00,91.86625900000008
2019-10-27,07:00,97.4383600000001
2019-10-27,08:00,85.56172000000004
2019-10-27,09:00,102.82425500000012
2019-10-27,10:00,84.49374599999997
2019-10-27,11:00,94.46096600000013
2019-10-27,12:00,91.26668700000003
2019-10-27,13:00,95.15388700000007
2019-10-27,14:00,96.14801700000005
2019-10-27,15:00,96.40464300000009
2019-10-27,16:00,98.08246500000008
2019-10-27,17:00,98.05404400000005
2019-10-27,18:00,103.40082400000006
2019-10-27,19:00,89.55775399999999
2019-10-27,20:00,98.60043600000013
2019-10-27,21:00,95.3066010000001
2019-10-27,22:00,92.01210799999998
2019-10-27,23:00,87.153192
2019-10-28,00:00,80.94634400000004
2019-10-28,01:00,80.30323800000006
2019-10-28,02:00,87.59186500000006
2019-10-28,03:00,73.12718200000003
2019-10-28,04:00,84.96810100000002
2019-10-28,05:00,83.18756900000004
2019-10-28,06:00,90.74201000000004
2019-10-28,07:00,99.63105300000001
2019-10-28,08:00,103.42288800000006
2019-10-28,09:00,97.97931100000001
2019-10-28,10:00,106.56952000000005
2019-10-28,11:00,90.1275280000001
2019-10-28,12:00,104.11256799999994
2019-10-28,13:00,93.22012700000012
2019-10-28,14:00,107.13849400000007
2019-10-28,15:00,102.22193200000015
2019-10-28,16:00,96.10412
2019-10-28,17:00,107.98995000000008
2019-10-28,18:00,103.48595400000008
2019-10-28,19:00,96.16462099999994
2019-10-28,20:00,97.03675000000005
2019-10-28,21:00,94.00863699999998
2019-10-28,22:00,95.52285100000002
2019-10-28,23:00,96.91639300000001
2019-10-29,00:00,76.93389799999997
2019-10-29,01:00,92.40008700000001
2019-10-29,02:00,89.38894500000004
2019-10-29,03:00,86.58356699999999
2019-10-29,04:00,85.02228400000001
2019-10-29,05:00,80.69376600000004
2019-10-29,06:00,103.21645099999998
2019-10-29,07:00,101.72764700000016
2019-10-29,08:00,102.47048900000011
2019-10-29,09:00,104.5174560000001
2019-10-29,10:00,99.26232500000003
2019-10-29,11:00,97.7195440000001
2019-10-29,12:00,94.24593200000002
2019-10-29,13:00,94.89105100000008
2019-10-29,14:00,101.23568000000003
2019-10-29,15:00,108.12608100000008
2019-10-29,16:00,99.60911300000001
2019-10-29,17:00,112.46832600000013
2019-10-29,18:00,102.25973900000012
2019-10-29,19:00,110.75777700000017
2019-10-29,20:00,99.44892600000003
2019-10-29,21:00,98.11356000000015
2019-10-29,22:00,99.57471900000007
2019-10-29,23:00,84.19629800000004
2019-10-30,00:00,94.35464800000004
2019-10-30,01:00,86.82100800000005
2019-10-30,02:00,88.066843
2019-10-30,03:00,88.40588900000006
2019-10-30,04:00,93.23773299999998
2019-10-30,05:00,81.64359900000001
2019-10-30,06:00,101.514522
2019-10-30,07:00,94.25803400000005
2019-10-30,08:00,111.21054100000006
2019-10-30,09:00,93.969262
2019-10-30,10:00,99.49291600000002
2019-10-30,11:00,99.47227400000006
2019-10-30,12:00,94.52740600000003
2019-10-30,13:00,99.04811000000016
2019-10-30,14:00,101.0651170000001
2019-10-30,15:00,96.71457000000007
2019-10-30,16:00,110.75281900000009
2019-10-30,17:00,106.30658400000004
2019-10-30,18:00,106.88891700000013
2019-10-30,19:00,101.68142800000011
2019-10-30,20:00,99.9884280000001
2019-10-30,21:00,98.18020300000005
2019-10-30,22:00,96.844031
2019-10-30,23:00,94.00805500000001
2019-10-31,00:00,64.39988700000004
2019-10-31,01:00,79.83379099999999
2019-10-31,02:00,92.26369000000008
2019-10-31,03:00,76.478772
2019-10-31,04:00,90.25557000000003
2019-10-31,05:00,85.73419300000006
2019-10-31,06:00,95.51179
2019-10-31,07:00,100.69580500000004
2019-10-31,08:00,98.94449900000004
2019-10-31,09:00,97.13000399999999
2019-10-31,10:00,89.96692800000005
2019-10-31,11:00,97.67082500000002
2019-10-31,12:00,83.83359200000007
2019-10-31,13:00,101.25062300000006
2019-10-31,14:00,87.98299200000007
2019-10-31,15:00,102.33044800000009
2019-10-31,16:00,92.0931680000001
2019-10-31,17:00,101.85417800000009
2019-10-31,18:00,103.30660000000003
2019-10-31,19:00,97.87411600000003
2019-10-31,20:00,100.17819600000004
2019-10-31,21:00,90.56941400000002
2019-10-31,22:00,99.711989
2019-10-31,23:00,83.31285400000002
